group,family,channel,sigma_psf_screen_px,d_rec_screen_px,symRes,sub_screen_px,symCellPx_screen_px,colCellPx_screen_px,colorBits,colorFmt,calibMode,denseN,winFrac,pilotSide_screen_px,frames,bitsPerCell,cellErrRate,bitErrRate,rsBlockFail,fileSuccess,meets,calibOverhead,netThroughput_bit_per_screenpx2,effectiveRate_MBps
A,符号型,native,0.520316,3,4×4,1,4,,0,无颜色维度（单色底）,四角,0,1,,1,4,0.17333333333333334,0.17333333333333334,1,0,false,0,0.25,1.944
A,符号型,native,0.520316,3,4×4,1,4,,2,2 bit (4色),四角,0,1,,1,6,0.5766666666666667,0.36833333333333335,1,0,false,0,0.375,2.916
A,符号型,native,0.520316,3,4×4,1.5,6,,0,无颜色维度（单色底）,四角,0,1,,1,4,0,0,0,1,true,0,0.1111111111111111,0.8639999999999999
A,符号型,native,0.520316,3,4×4,1.5,6,,2,2 bit (4色),四角,0,1,,1,6,0.4033333333333333,0.23277777777777778,1,0,false,0,0.16666666666666666,1.296
A,符号型,native,0.520316,3,4×4,2,8,,0,无颜色维度（单色底）,四角,0,1,,1,4,0,0,0,1,true,0,0.0625,0.486
A,符号型,native,0.520316,3,4×4,2,8,,2,2 bit (4色),四角,0,1,,1,6,0.32,0.16833333333333333,1,0,false,0,0.09375,0.729
A,符号型,native,0.520316,3,4×4,3,12,,0,无颜色维度（单色底）,四角,0,1,,1,4,0,0,0,1,true,0,0.027777777777777776,0.21599999999999997
A,符号型,native,0.520316,3,4×4,3,12,,2,2 bit (4色),四角,0,1,,1,6,0.25166666666666665,0.11555555555555555,1,0,false,0,0.041666666666666664,0.324
A,符号型,native,0.520316,3,4×4,5,20,,0,无颜色维度（单色底）,四角,0,1,,1,4,0,0,0,1,true,0,0.01,0.07776
A,符号型,native,0.520316,3,4×4,5,20,,2,2 bit (4色),四角,0,1,,1,6,0.175,0.06444444444444444,0.9999999996467149,0,false,0,0.015,0.11663999999999998
A,符号型,native,0.520316,3,4×4,8,32,,0,无颜色维度（单色底）,四角,0,1,,1,4,0,0,0,1,true,0,0.00390625,0.030375
A,符号型,native,0.520316,3,4×4,8,32,,2,2 bit (4色),四角,0,1,,1,6,0.14833333333333334,0.049444444444444444,0.9999998903546934,0,false,0,0.005859375,0.0455625
A,符号型,native,0.520316,3,4×4,13,52,,0,无颜色维度（单色底）,四角,0,1,,1,4,0,0,0,1,true,0,0.0014792899408284023,0.011502958579881655
A,符号型,native,0.520316,3,4×4,13,52,,2,2 bit (4色),四角,0,1,,1,6,0.14666666666666667,0.04888888888888889,0.9999998458688824,0,false,0,0.0022189349112426036,0.017254437869822486
A,符号型,native,0.520316,3,8×8,1,8,,0,无颜色维度（单色底）,四角,0,1,,1,4,0,0,0,1,true,0,0.0625,0.486
A,符号型,native,0.520316,3,8×8,1,8,,2,2 bit (4色),四角,0,1,,1,6,0.325,0.21944444444444444,1,0,false,0,0.09375,0.729
A,符号型,native,0.520316,3,8×8,1.5,12,,0,无颜色维度（单色底）,四角,0,1,,1,4,0,0,0,1,true,0,0.027777777777777776,0.21599999999999997
A,符号型,native,0.520316,3,8×8,1.5,12,,2,2 bit (4色),四角,0,1,,1,6,0.18666666666666668,0.1111111111111111,0.9999999999758121,0,false,0,0.041666666666666664,0.324
A,符号型,native,0.520316,3,8×8,2,16,,0,无颜色维度（单色底）,四角,0,1,,1,4,0,0,0,1,true,0,0.015625,0.1215
A,符号型,native,0.520316,3,8×8,2,16,,2,2 bit (4色),四角,0,1,,1,6,0.10333333333333333,0.056666666666666664,0.9995122225902705,0,false,0,0.0234375,0.18225
A,符号型,native,0.520316,3,8×8,3,24,,0,无颜色维度（单色底）,四角,0,1,,1,4,0,0,0,1,true,0,0.006944444444444444,0.05399999999999999
A,符号型,native,0.520316,3,8×8,3,24,,2,2 bit (4色),四角,0,1,,1,6,0.043333333333333335,0.016666666666666666,0.30687303966270735,0,false,0,0.010416666666666666,0.081
A,符号型,native,0.520316,3,8×8,5,40,,0,无颜色维度（单色底）,四角,0,1,,1,4,0,0,0,1,true,0,0.0025,0.01944
A,符号型,native,0.520316,3,8×8,5,40,,2,2 bit (4色),四角,0,1,,1,6,0.041666666666666664,0.013888888888888888,0.2523035916040035,0,false,0,0.00375,0.029159999999999995
A,符号型,native,0.520316,3,8×8,8,64,,0,无颜色维度（单色底）,四角,0,1,,1,4,0,0,0,1,true,0,0.0009765625,0.00759375
A,符号型,native,0.520316,3,8×8,8,64,,2,2 bit (4色),四角,0,1,,1,6,0.04833333333333333,0.01611111111111111,0.4795314938714472,0,false,0,0.00146484375,0.011390625
A,符号型,native,0.520316,3,8×8,13,104,,0,无颜色维度（单色底）,四角,0,1,,1,4,0,0,0,1,true,0,0.0003698224852071006,0.002875739644970414
A,符号型,native,0.520316,3,8×8,13,104,,2,2 bit (4色),四角,0,1,,1,6,0.04833333333333333,0.01611111111111111,0.4795314938714472,0,false,0,0.0005547337278106509,0.0043136094674556215
A,符号型,web_locked,1.031678,5,4×4,1,4,,0,无颜色维度（单色底）,四角,0,1,,1,4,0.41333333333333333,0.41333333333333333,1,0,false,0,0.25,1.944
A,符号型,web_locked,1.031678,5,4×4,1,4,,2,2 bit (4色),四角,0,1,,1,6,0.8216666666666667,0.615,1,0,false,0,0.375,2.916
A,符号型,web_locked,1.031678,5,4×4,1.5,6,,0,无颜色维度（单色底）,四角,0,1,,1,4,0.11666666666666667,0.11666666666666667,0.9999999988694186,0,false,0,0.1111111111111111,0.8639999999999999
A,符号型,web_locked,1.031678,5,4×4,1.5,6,,2,2 bit (4色),四角,0,1,,1,6,0.6483333333333333,0.44166666666666665,1,0,false,0,0.16666666666666666,1.296
A,符号型,web_locked,1.031678,5,4×4,2,8,,0,无颜色维度（单色底）,四角,0,1,,1,4,0.016666666666666666,0.016666666666666666,0.0023494034226578253,1,true,0,0.0625,0.486
A,符号型,web_locked,1.031678,5,4×4,2,8,,2,2 bit (4色),四角,0,1,,1,6,0.515,0.32055555555555554,1,0,false,0,0.09375,0.729
A,符号型,web_locked,1.031678,5,4×4,3,12,,0,无颜色维度（单色底）,四角,0,1,,1,4,0,0,0,1,true,0,0.027777777777777776,0.21599999999999997
A,符号型,web_locked,1.031678,5,4×4,3,12,,2,2 bit (4色),四角,0,1,,1,6,0.35333333333333333,0.2,1,0,false,0,0.041666666666666664,0.324
A,符号型,web_locked,1.031678,5,4×4,5,20,,0,无颜色维度（单色底）,四角,0,1,,1,4,0,0,0,1,true,0,0.01,0.07776
A,符号型,web_locked,1.031678,5,4×4,5,20,,2,2 bit (4色),四角,0,1,,1,6,0.28833333333333333,0.1411111111111111,1,0,false,0,0.015,0.11663999999999998
A,符号型,web_locked,1.031678,5,4×4,8,32,,0,无颜色维度（单色底）,四角,0,1,,1,4,0,0,0,1,true,0,0.00390625,0.030375
A,符号型,web_locked,1.031678,5,4×4,8,32,,2,2 bit (4色),四角,0,1,,1,6,0.18666666666666668,0.07111111111111111,0.9999999999758121,0,false,0,0.005859375,0.0455625
A,符号型,web_locked,1.031678,5,4×4,13,52,,0,无颜色维度（单色底）,四角,0,1,,1,4,0,0,0,1,true,0,0.0014792899408284023,0.011502958579881655
A,符号型,web_locked,1.031678,5,4×4,13,52,,2,2 bit (4色),四角,0,1,,1,6,0.155,0.05277777777777778,0.9999999725134254,0,false,0,0.0022189349112426036,0.017254437869822486
A,符号型,web_locked,1.031678,5,8×8,1,8,,0,无颜色维度（单色底）,四角,0,1,,1,4,0.06,0.06,0.9949733133258168,0,false,0,0.0625,0.486
A,符号型,web_locked,1.031678,5,8×8,1,8,,2,2 bit (4色),四角,0,1,,1,6,0.52,0.38555555555555554,1,0,false,0,0.09375,0.729
A,符号型,web_locked,1.031678,5,8×8,1.5,12,,0,无颜色维度（单色底）,四角,0,1,,1,4,0,0,0,1,true,0,0.027777777777777776,0.21599999999999997
A,符号型,web_locked,1.031678,5,8×8,1.5,12,,2,2 bit (4色),四角,0,1,,1,6,0.4116666666666667,0.2927777777777778,1,0,false,0,0.041666666666666664,0.324
A,符号型,web_locked,1.031678,5,8×8,2,16,,0,无颜色维度（单色底）,四角,0,1,,1,4,0,0,0,1,true,0,0.015625,0.1215
A,符号型,web_locked,1.031678,5,8×8,2,16,,2,2 bit (4色),四角,0,1,,1,6,0.3383333333333333,0.22666666666666666,1,0,false,0,0.0234375,0.18225
A,符号型,web_locked,1.031678,5,8×8,3,24,,0,无颜色维度（单色底）,四角,0,1,,1,4,0,0,0,1,true,0,0.006944444444444444,0.05399999999999999
A,符号型,web_locked,1.031678,5,8×8,3,24,,2,2 bit (4色),四角,0,1,,1,6,0.2733333333333333,0.16944444444444445,1,0,false,0,0.010416666666666666,0.081
A,符号型,web_locked,1.031678,5,8×8,5,40,,0,无颜色维度（单色底）,四角,0,1,,1,4,0,0,0,1,true,0,0.0025,0.01944
A,符号型,web_locked,1.031678,5,8×8,5,40,,2,2 bit (4色),四角,0,1,,1,6,0.20833333333333334,0.1272222222222222,0.9999999999998748,0,false,0,0.00375,0.029159999999999995
A,符号型,web_locked,1.031678,5,8×8,8,64,,0,无颜色维度（单色底）,四角,0,1,,1,4,0,0,0,1,true,0,0.0009765625,0.00759375
A,符号型,web_locked,1.031678,5,8×8,8,64,,2,2 bit (4色),四角,0,1,,1,6,0.051666666666666666,0.022222222222222223,0.5897181804841611,0,false,0,0.00146484375,0.011390625
A,符号型,web_locked,1.031678,5,8×8,13,104,,0,无颜色维度（单色底）,四角,0,1,,1,4,0,0,0,1,true,0,0.0003698224852071006,0.002875739644970414
A,符号型,web_locked,1.031678,5,8×8,13,104,,2,2 bit (4色),四角,0,1,,1,6,0.04833333333333333,0.01611111111111111,0.4795314938714472,0,false,0,0.0005547337278106509,0.0043136094674556215
A,符号型,web_auto,2.777352,13,4×4,1,4,,0,无颜色维度（单色底）,四角,0,1,,1,4,0.9233333333333333,0.9233333333333333,1,0,false,0,0.25,1.944
A,符号型,web_auto,2.777352,13,4×4,1,4,,2,2 bit (4色),四角,0,1,,1,6,0.9833333333333333,0.8505555555555555,1,0,false,0,0.375,2.916
A,符号型,web_auto,2.777352,13,4×4,1.5,6,,0,无颜色维度（单色底）,四角,0,1,,1,4,0.8933333333333333,0.8933333333333333,1,0,false,0,0.1111111111111111,0.8639999999999999
A,符号型,web_auto,2.777352,13,4×4,1.5,6,,2,2 bit (4色),四角,0,1,,1,6,0.9483333333333334,0.7877777777777778,1,0,false,0,0.16666666666666666,1.296
A,符号型,web_auto,2.777352,13,4×4,2,8,,0,无颜色维度（单色底）,四角,0,1,,1,4,0.7766666666666666,0.7766666666666666,1,0,false,0,0.0625,0.486
A,符号型,web_auto,2.777352,13,4×4,2,8,,2,2 bit (4色),四角,0,1,,1,6,0.9033333333333333,0.7111111111111111,1,0,false,0,0.09375,0.729
A,符号型,web_auto,2.777352,13,4×4,3,12,,0,无颜色维度（单色底）,四角,0,1,,1,4,0.42,0.42,1,0,false,0,0.027777777777777776,0.21599999999999997
A,符号型,web_auto,2.777352,13,4×4,3,12,,2,2 bit (4色),四角,0,1,,1,6,0.7833333333333333,0.58,1,0,false,0,0.041666666666666664,0.324
A,符号型,web_auto,2.777352,13,4×4,5,20,,0,无颜色维度（单色底）,四角,0,1,,1,4,0.043333333333333335,0.043333333333333335,0.8751847317867159,0,false,0,0.01,0.07776
A,符号型,web_auto,2.777352,13,4×4,5,20,,2,2 bit (4色),四角,0,1,,1,6,0.525,0.3283333333333333,1,0,false,0,0.015,0.11663999999999998
A,符号型,web_auto,2.777352,13,4×4,8,32,,0,无颜色维度（单色底）,四角,0,1,,1,4,0,0,0,1,true,0,0.00390625,0.030375
A,符号型,web_auto,2.777352,13,4×4,8,32,,2,2 bit (4色),四角,0,1,,1,6,0.36333333333333334,0.2038888888888889,1,0,false,0,0.005859375,0.0455625
A,符号型,web_auto,2.777352,13,4×4,13,52,,0,无颜色维度（单色底）,四角,0,1,,1,4,0,0,0,1,true,0,0.0014792899408284023,0.011502958579881655
A,符号型,web_auto,2.777352,13,4×4,13,52,,2,2 bit (4色),四角,0,1,,1,6,0.2816666666666667,0.1388888888888889,1,0,false,0,0.0022189349112426036,0.017254437869822486
A,符号型,web_auto,2.777352,13,8×8,1,8,,0,无颜色维度（单色底）,四角,0,1,,1,4,0.9133333333333333,0.9133333333333333,1,0,false,0,0.0625,0.486
A,符号型,web_auto,2.777352,13,8×8,1,8,,2,2 bit (4色),四角,0,1,,1,6,0.9466666666666667,0.7505555555555555,1,0,false,0,0.09375,0.729
A,符号型,web_auto,2.777352,13,8×8,1.5,12,,0,无颜色维度（单色底）,四角,0,1,,1,4,0.7783333333333333,0.7783333333333333,1,0,false,0,0.027777777777777776,0.21599999999999997
A,符号型,web_auto,2.777352,13,8×8,1.5,12,,2,2 bit (4色),四角,0,1,,1,6,0.8516666666666667,0.6461111111111111,1,0,false,0,0.041666666666666664,0.324
A,符号型,web_auto,2.777352,13,8×8,2,16,,0,无颜色维度（单色底）,四角,0,1,,1,4,0.4766666666666667,0.4766666666666667,1,0,false,0,0.015625,0.1215
A,符号型,web_auto,2.777352,13,8×8,2,16,,2,2 bit (4色),四角,0,1,,1,6,0.74,0.5577777777777778,1,0,false,0,0.0234375,0.18225
A,符号型,web_auto,2.777352,13,8×8,3,24,,0,无颜色维度（单色底）,四角,0,1,,1,4,0.043333333333333335,0.043333333333333335,0.8751847317867159,0,false,0,0.006944444444444444,0.05399999999999999
A,符号型,web_auto,2.777352,13,8×8,3,24,,2,2 bit (4色),四角,0,1,,1,6,0.46,0.33944444444444444,1,0,false,0,0.010416666666666666,0.081
A,符号型,web_auto,2.777352,13,8×8,5,40,,0,无颜色维度（单色底）,四角,0,1,,1,4,0,0,0,1,true,0,0.0025,0.01944
A,符号型,web_auto,2.777352,13,8×8,5,40,,2,2 bit (4色),四角,0,1,,1,6,0.33,0.2238888888888889,1,0,false,0,0.00375,0.029159999999999995
A,符号型,web_auto,2.777352,13,8×8,8,64,,0,无颜色维度（单色底）,四角,0,1,,1,4,0,0,0,1,true,0,0.0009765625,0.00759375
A,符号型,web_auto,2.777352,13,8×8,8,64,,2,2 bit (4色),四角,0,1,,1,6,0.2633333333333333,0.16277777777777777,1,0,false,0,0.00146484375,0.011390625
A,符号型,web_auto,2.777352,13,8×8,13,104,,0,无颜色维度（单色底）,四角,0,1,,1,4,0,0,0,1,true,0,0.0003698224852071006,0.002875739644970414
A,符号型,web_auto,2.777352,13,8×8,13,104,,2,2 bit (4色),四角,0,1,,1,6,0.17,0.10277777777777777,0.9999999989203181,0,false,0,0.0005547337278106509,0.0043136094674556215
B,纯颜色型,native,0.520316,3,,,,3,1,1 bit (2色),无,0,0.3333333333333333,,1,1,0.49266666666666664,0.49266666666666664,1,0,false,0,0.1111111111111111,0.8639999999999999
B,纯颜色型,native,0.520316,3,,,,3,1,1 bit (2色),无,0,0.5,,1,1,0.49266666666666664,0.49266666666666664,1,0,false,0,0.1111111111111111,0.8639999999999999
B,纯颜色型,native,0.520316,3,,,,3,1,1 bit (2色),无,0,0.6666666666666666,,1,1,0.49266666666666664,0.49266666666666664,1,0,false,0,0.1111111111111111,0.8639999999999999
B,纯颜色型,native,0.520316,3,,,,3,1,1 bit (2色),无,0,1,,1,1,0.49266666666666664,0.49266666666666664,1,0,false,0,0.1111111111111111,0.8639999999999999
B,纯颜色型,native,0.520316,3,,,,3,1,1 bit (2色),四角,0,0.3333333333333333,,1,1,0,0,0,1,true,0,0.1111111111111111,0.8639999999999999
B,纯颜色型,native,0.520316,3,,,,3,1,1 bit (2色),四角,0,0.5,,1,1,0,0,0,1,true,0,0.1111111111111111,0.8639999999999999
B,纯颜色型,native,0.520316,3,,,,3,1,1 bit (2色),四角,0,0.6666666666666666,,1,1,0,0,0,1,true,0,0.1111111111111111,0.8639999999999999
B,纯颜色型,native,0.520316,3,,,,3,1,1 bit (2色),四角,0,1,,1,1,0.041666666666666664,0.041666666666666664,0.9999999999999984,0,false,0,0.1111111111111111,0.8639999999999999
B,纯颜色型,native,0.520316,3,,,,3,1,1 bit (2色),密集N=3,3,0.3333333333333333,,1,1,0,0,0,1,true,0.11145833333333334,0.09872685185185186,0.7677000000000002
B,纯颜色型,native,0.520316,3,,,,3,1,1 bit (2色),密集N=3,3,0.5,,1,1,0,0,0,1,true,0.11145833333333334,0.09872685185185186,0.7677000000000002
B,纯颜色型,native,0.520316,3,,,,3,1,1 bit (2色),密集N=3,3,0.6666666666666666,,1,1,0,0,0,1,true,0.11145833333333334,0.09872685185185186,0.7677000000000002
B,纯颜色型,native,0.520316,3,,,,3,1,1 bit (2色),密集N=3,3,1,,1,1,0.027333333333333334,0.027333333333333334,0.9999999598759999,0,false,0.11145833333333334,0.09872685185185186,0.7677000000000002
B,纯颜色型,native,0.520316,3,,,,3,1,1 bit (2色),密集N=4,4,0.3333333333333333,,1,1,0,0,0,1,true,0.0625,0.10416666666666667,0.81
B,纯颜色型,native,0.520316,3,,,,3,1,1 bit (2色),密集N=4,4,0.5,,1,1,0,0,0,1,true,0.0625,0.10416666666666667,0.81
B,纯颜色型,native,0.520316,3,,,,3,1,1 bit (2色),密集N=4,4,0.6666666666666666,,1,1,0,0,0,1,true,0.0625,0.10416666666666667,0.81
B,纯颜色型,native,0.520316,3,,,,3,1,1 bit (2色),密集N=4,4,1,,1,1,0.027333333333333334,0.027333333333333334,0.9999999598759999,0,false,0.0625,0.10416666666666667,0.81
B,纯颜色型,native,0.520316,3,,,,3,2,2 bit (4色),无,0,0.3333333333333333,,1,2,0.4856666666666667,0.3655,1,0,false,0,0.2222222222222222,1.7279999999999998
B,纯颜色型,native,0.520316,3,,,,3,2,2 bit (4色),无,0,0.5,,1,2,0.489,0.36766666666666664,1,0,false,0,0.2222222222222222,1.7279999999999998
B,纯颜色型,native,0.520316,3,,,,3,2,2 bit (4色),无,0,0.6666666666666666,,1,2,0.493,0.37,1,0,false,0,0.2222222222222222,1.7279999999999998
B,纯颜色型,native,0.520316,3,,,,3,2,2 bit (4色),无,0,1,,1,2,0.526,0.3865,1,0,false,0,0.2222222222222222,1.7279999999999998
B,纯颜色型,native,0.520316,3,,,,3,2,2 bit (4色),四角,0,0.3333333333333333,,1,2,0.0003333333333333333,0.00016666666666666666,0,1,true,0,0.2222222222222222,1.7279999999999998
B,纯颜色型,native,0.520316,3,,,,3,2,2 bit (4色),四角,0,0.5,,1,2,0,0,0,1,true,0,0.2222222222222222,1.7279999999999998
B,纯颜色型,native,0.520316,3,,,,3,2,2 bit (4色),四角,0,0.6666666666666666,,1,2,0,0,0,1,true,0,0.2222222222222222,1.7279999999999998
B,纯颜色型,native,0.520316,3,,,,3,2,2 bit (4色),四角,0,1,,1,2,0.030666666666666665,0.0185,0.9953875360770291,0,false,0,0.2222222222222222,1.7279999999999998
B,纯颜色型,native,0.520316,3,,,,3,2,2 bit (4色),密集N=3,3,0.3333333333333333,,1,2,0,0,0,1,true,0.11145833333333334,0.19745370370370371,1.5354000000000003
B,纯颜色型,native,0.520316,3,,,,3,2,2 bit (4色),密集N=3,3,0.5,,1,2,0,0,0,1,true,0.11145833333333334,0.19745370370370371,1.5354000000000003
B,纯颜色型,native,0.520316,3,,,,3,2,2 bit (4色),密集N=3,3,0.6666666666666666,,1,2,0,0,0,1,true,0.11145833333333334,0.19745370370370371,1.5354000000000003
B,纯颜色型,native,0.520316,3,,,,3,2,2 bit (4色),密集N=3,3,1,,1,2,0.009333333333333334,0.004833333333333334,0.00900745819190063,1,true,0.11145833333333334,0.19745370370370371,1.5354000000000003
B,纯颜色型,native,0.520316,3,,,,3,2,2 bit (4色),密集N=4,4,0.3333333333333333,,1,2,0,0,0,1,true,0.0625,0.20833333333333334,1.62
B,纯颜色型,native,0.520316,3,,,,3,2,2 bit (4色),密集N=4,4,0.5,,1,2,0,0,0,1,true,0.0625,0.20833333333333334,1.62
B,纯颜色型,native,0.520316,3,,,,3,2,2 bit (4色),密集N=4,4,0.6666666666666666,,1,2,0,0,0,1,true,0.0625,0.20833333333333334,1.62
B,纯颜色型,native,0.520316,3,,,,3,2,2 bit (4色),密集N=4,4,1,,1,2,0.009333333333333334,0.004833333333333334,0.00900745819190063,1,true,0.0625,0.20833333333333334,1.62
B,纯颜色型,native,0.520316,3,,,,3,3,3 bit (8色),无,0,0.3333333333333333,,1,3,0.813,0.462,1,0,false,0,0.3333333333333333,2.592
B,纯颜色型,native,0.520316,3,,,,3,3,3 bit (8色),无,0,0.5,,1,3,0.822,0.468,1,0,false,0,0.3333333333333333,2.592
B,纯颜色型,native,0.520316,3,,,,3,3,3 bit (8色),无,0,0.6666666666666666,,1,3,0.83,0.47333333333333333,1,0,false,0,0.3333333333333333,2.592
B,纯颜色型,native,0.520316,3,,,,3,3,3 bit (8色),无,0,1,,1,3,0.846,0.484,1,0,false,0,0.3333333333333333,2.592
B,纯颜色型,native,0.520316,3,,,,3,3,3 bit (8色),四角,0,0.3333333333333333,,1,3,0.017333333333333333,0.010444444444444444,0.07126759291617552,0.00001910855411468848,false,0,0.3333333333333333,2.592
B,纯颜色型,native,0.520316,3,,,,3,3,3 bit (8色),四角,0,0.5,,1,3,0.004333333333333333,0.0026666666666666666,8.326672684688674e-16,1,true,0,0.3333333333333333,2.592
B,纯颜色型,native,0.520316,3,,,,3,3,3 bit (8色),四角,0,0.6666666666666666,,1,3,0.003,0.0014444444444444444,0,1,true,0,0.3333333333333333,2.592
B,纯颜色型,native,0.520316,3,,,,3,3,3 bit (8色),四角,0,1,,1,3,0.13866666666666666,0.084,1,0,false,0,0.3333333333333333,2.592
B,纯颜色型,native,0.520316,3,,,,3,3,3 bit (8色),密集N=3,3,0.3333333333333333,,1,3,0.016666666666666666,0.010222222222222223,0.05171424426115995,0.027231873168590104,false,0.11145833333333334,0.29618055555555556,2.3031
B,纯颜色型,native,0.520316,3,,,,3,3,3 bit (8色),密集N=3,3,0.5,,1,3,0.003,0.002111111111111111,0,1,true,0.11145833333333334,0.29618055555555556,2.3031
B,纯颜色型,native,0.520316,3,,,,3,3,3 bit (8色),密集N=3,3,0.6666666666666666,,1,3,0.0026666666666666666,0.0015555555555555555,0,1,true,0.11145833333333334,0.29618055555555556,2.3031
B,纯颜色型,native,0.520316,3,,,,3,3,3 bit (8色),密集N=3,3,1,,1,3,0.12066666666666667,0.07633333333333334,0.9999999999999989,0,false,0.11145833333333334,0.29618055555555556,2.3031
B,纯颜色型,native,0.520316,3,,,,3,3,3 bit (8色),密集N=4,4,0.3333333333333333,,1,3,0.016666666666666666,0.010222222222222223,0.05171424426115995,0.027231873168590104,false,0.0625,0.3125,2.43
B,纯颜色型,native,0.520316,3,,,,3,3,3 bit (8色),密集N=4,4,0.5,,1,3,0.003,0.002111111111111111,0,1,true,0.0625,0.3125,2.43
B,纯颜色型,native,0.520316,3,,,,3,3,3 bit (8色),密集N=4,4,0.6666666666666666,,1,3,0.0026666666666666666,0.0015555555555555555,0,1,true,0.0625,0.3125,2.43
B,纯颜色型,native,0.520316,3,,,,3,3,3 bit (8色),密集N=4,4,1,,1,3,0.12066666666666667,0.07633333333333334,0.9999999999999989,0,false,0.0625,0.3125,2.43
B,纯颜色型,native,0.520316,3,,,,3,4,4 bit (16色),无,0,0.3333333333333333,,1,4,0.8756666666666667,0.42841666666666667,1,0,false,0,0.4444444444444444,3.4559999999999995
B,纯颜色型,native,0.520316,3,,,,3,4,4 bit (16色),无,0,0.5,,1,4,0.8746666666666667,0.42725,1,0,false,0,0.4444444444444444,3.4559999999999995
B,纯颜色型,native,0.520316,3,,,,3,4,4 bit (16色),无,0,0.6666666666666666,,1,4,0.8746666666666667,0.42583333333333334,1,0,false,0,0.4444444444444444,3.4559999999999995
B,纯颜色型,native,0.520316,3,,,,3,4,4 bit (16色),无,0,1,,1,4,0.8823333333333333,0.43575,1,0,false,0,0.4444444444444444,3.4559999999999995
B,纯颜色型,native,0.520316,3,,,,3,4,4 bit (16色),四角,0,0.3333333333333333,,1,4,0.15933333333333333,0.074,0.9999999999999994,0,false,0,0.4444444444444444,3.4559999999999995
B,纯颜色型,native,0.520316,3,,,,3,4,4 bit (16色),四角,0,0.5,,1,4,0.10566666666666667,0.048666666666666664,0.999999967736015,0,false,0,0.4444444444444444,3.4559999999999995
B,纯颜色型,native,0.520316,3,,,,3,4,4 bit (16色),四角,0,0.6666666666666666,,1,4,0.15166666666666667,0.07183333333333333,0.9999999999999911,0,false,0,0.4444444444444444,3.4559999999999995
B,纯颜色型,native,0.520316,3,,,,3,4,4 bit (16色),四角,0,1,,1,4,0.40066666666666667,0.20316666666666666,1,0,false,0,0.4444444444444444,3.4559999999999995
B,纯颜色型,native,0.520316,3,,,,3,4,4 bit (16色),密集N=3,3,0.3333333333333333,,1,4,0.11166666666666666,0.05291666666666667,0.9999999947074905,0,false,0.11145833333333334,0.39490740740740743,3.0708000000000006
B,纯颜色型,native,0.520316,3,,,,3,4,4 bit (16色),密集N=3,3,0.5,,1,4,0.052333333333333336,0.02425,0.9752681194837394,0,false,0.11145833333333334,0.39490740740740743,3.0708000000000006
B,纯颜色型,native,0.520316,3,,,,3,4,4 bit (16色),密集N=3,3,0.6666666666666666,,1,4,0.109,0.05491666666666667,0.9999999881095137,0,false,0.11145833333333334,0.39490740740740743,3.0708000000000006
B,纯颜色型,native,0.520316,3,,,,3,4,4 bit (16色),密集N=3,3,1,,1,4,0.36933333333333335,0.19275,1,0,false,0.11145833333333334,0.39490740740740743,3.0708000000000006
B,纯颜色型,native,0.520316,3,,,,3,4,4 bit (16色),密集N=4,4,0.3333333333333333,,1,4,0.11166666666666666,0.05291666666666667,0.9999999947074905,0,false,0.0625,0.4166666666666667,3.24
B,纯颜色型,native,0.520316,3,,,,3,4,4 bit (16色),密集N=4,4,0.5,,1,4,0.052333333333333336,0.02425,0.9752681194837394,0,false,0.0625,0.4166666666666667,3.24
B,纯颜色型,native,0.520316,3,,,,3,4,4 bit (16色),密集N=4,4,0.6666666666666666,,1,4,0.109,0.05491666666666667,0.9999999881095137,0,false,0.0625,0.4166666666666667,3.24
B,纯颜色型,native,0.520316,3,,,,3,4,4 bit (16色),密集N=4,4,1,,1,4,0.36933333333333335,0.19275,1,0,false,0.0625,0.4166666666666667,3.24
B,纯颜色型,native,0.520316,3,,,,3,5,5 bit (32色),无,0,0.3333333333333333,,1,5,0.939,0.4295333333333333,1,0,false,0,0.5555555555555556,4.32
B,纯颜色型,native,0.520316,3,,,,3,5,5 bit (32色),无,0,0.5,,1,5,0.9386666666666666,0.4272,1,0,false,0,0.5555555555555556,4.32
B,纯颜色型,native,0.520316,3,,,,3,5,5 bit (32色),无,0,0.6666666666666666,,1,5,0.9386666666666666,0.42706666666666665,1,0,false,0,0.5555555555555556,4.32
B,纯颜色型,native,0.520316,3,,,,3,5,5 bit (32色),无,0,1,,1,5,0.9436666666666667,0.43166666666666664,1,0,false,0,0.5555555555555556,4.32
B,纯颜色型,native,0.520316,3,,,,3,5,5 bit (32色),四角,0,0.3333333333333333,,1,5,0.4513333333333333,0.17993333333333333,1,0,false,0,0.5555555555555556,4.32
B,纯颜色型,native,0.520316,3,,,,3,5,5 bit (32色),四角,0,0.5,,1,5,0.38233333333333336,0.1516,1,0,false,0,0.5555555555555556,4.32
B,纯颜色型,native,0.520316,3,,,,3,5,5 bit (32色),四角,0,0.6666666666666666,,1,5,0.44866666666666666,0.18006666666666668,1,0,false,0,0.5555555555555556,4.32
B,纯颜色型,native,0.520316,3,,,,3,5,5 bit (32色),四角,0,1,,1,5,0.6613333333333333,0.27946666666666664,1,0,false,0,0.5555555555555556,4.32
B,纯颜色型,native,0.520316,3,,,,3,5,5 bit (32色),密集N=3,3,0.3333333333333333,,1,5,0.388,0.15513333333333335,1,0,false,0.11145833333333334,0.49363425925925924,3.8384999999999994
B,纯颜色型,native,0.520316,3,,,,3,5,5 bit (32色),密集N=3,3,0.5,,1,5,0.28633333333333333,0.1136,1,0,false,0.11145833333333334,0.49363425925925924,3.8384999999999994
B,纯颜色型,native,0.520316,3,,,,3,5,5 bit (32色),密集N=3,3,0.6666666666666666,,1,5,0.3416666666666667,0.1388,1,0,false,0.11145833333333334,0.49363425925925924,3.8384999999999994
B,纯颜色型,native,0.520316,3,,,,3,5,5 bit (32色),密集N=3,3,1,,1,5,0.646,0.2798,1,0,false,0.11145833333333334,0.49363425925925924,3.8384999999999994
B,纯颜色型,native,0.520316,3,,,,3,5,5 bit (32色),密集N=4,4,0.3333333333333333,,1,5,0.388,0.15513333333333335,1,0,false,0.0625,0.5208333333333334,4.050000000000001
B,纯颜色型,native,0.520316,3,,,,3,5,5 bit (32色),密集N=4,4,0.5,,1,5,0.28633333333333333,0.11353333333333333,1,0,false,0.0625,0.5208333333333334,4.050000000000001
B,纯颜色型,native,0.520316,3,,,,3,5,5 bit (32色),密集N=4,4,0.6666666666666666,,1,5,0.342,0.13893333333333333,1,0,false,0.0625,0.5208333333333334,4.050000000000001
B,纯颜色型,native,0.520316,3,,,,3,5,5 bit (32色),密集N=4,4,1,,1,5,0.646,0.2798,1,0,false,0.0625,0.5208333333333334,4.050000000000001
B,纯颜色型,native,0.520316,3,,,,5,1,1 bit (2色),无,0,0.3333333333333333,,1,1,0.49266666666666664,0.49266666666666664,1,0,false,0,0.04,0.31104
B,纯颜色型,native,0.520316,3,,,,5,1,1 bit (2色),无,0,0.5,,1,1,0.49266666666666664,0.49266666666666664,1,0,false,0,0.04,0.31104
B,纯颜色型,native,0.520316,3,,,,5,1,1 bit (2色),无,0,0.6666666666666666,,1,1,0.49266666666666664,0.49266666666666664,1,0,false,0,0.04,0.31104
B,纯颜色型,native,0.520316,3,,,,5,1,1 bit (2色),无,0,1,,1,1,0.49266666666666664,0.49266666666666664,1,0,false,0,0.04,0.31104
B,纯颜色型,native,0.520316,3,,,,5,1,1 bit (2色),四角,0,0.3333333333333333,,1,1,0,0,0,1,true,0,0.04,0.31104
B,纯颜色型,native,0.520316,3,,,,5,1,1 bit (2色),四角,0,0.5,,1,1,0,0,0,1,true,0,0.04,0.31104
B,纯颜色型,native,0.520316,3,,,,5,1,1 bit (2色),四角,0,0.6666666666666666,,1,1,0,0,0,1,true,0,0.04,0.31104
B,纯颜色型,native,0.520316,3,,,,5,1,1 bit (2色),四角,0,1,,1,1,0,0,0,1,true,0,0.04,0.31104
B,纯颜色型,native,0.520316,3,,,,5,1,1 bit (2色),密集N=3,3,0.3333333333333333,,1,1,0,0,0,1,true,0.1111111111111111,0.035555555555555556,0.27648
B,纯颜色型,native,0.520316,3,,,,5,1,1 bit (2色),密集N=3,3,0.5,,1,1,0,0,0,1,true,0.1111111111111111,0.035555555555555556,0.27648
B,纯颜色型,native,0.520316,3,,,,5,1,1 bit (2色),密集N=3,3,0.6666666666666666,,1,1,0,0,0,1,true,0.1111111111111111,0.035555555555555556,0.27648
B,纯颜色型,native,0.520316,3,,,,5,1,1 bit (2色),密集N=3,3,1,,1,1,0,0,0,1,true,0.1111111111111111,0.035555555555555556,0.27648
B,纯颜色型,native,0.520316,3,,,,5,1,1 bit (2色),密集N=4,4,0.3333333333333333,,1,1,0,0,0,1,true,0.0625,0.0375,0.2916
B,纯颜色型,native,0.520316,3,,,,5,1,1 bit (2色),密集N=4,4,0.5,,1,1,0,0,0,1,true,0.0625,0.0375,0.2916
B,纯颜色型,native,0.520316,3,,,,5,1,1 bit (2色),密集N=4,4,0.6666666666666666,,1,1,0,0,0,1,true,0.0625,0.0375,0.2916
B,纯颜色型,native,0.520316,3,,,,5,1,1 bit (2色),密集N=4,4,1,,1,1,0,0,0,1,true,0.0625,0.0375,0.2916
B,纯颜色型,native,0.520316,3,,,,5,2,2 bit (4色),无,0,0.3333333333333333,,1,2,0.487,0.3665,1,0,false,0,0.08,0.62208
B,纯颜色型,native,0.520316,3,,,,5,2,2 bit (4色),无,0,0.5,,1,2,0.49,0.3685,1,0,false,0,0.08,0.62208
B,纯颜色型,native,0.520316,3,,,,5,2,2 bit (4色),无,0,0.6666666666666666,,1,2,0.49166666666666664,0.36933333333333335,1,0,false,0,0.08,0.62208
B,纯颜色型,native,0.520316,3,,,,5,2,2 bit (4色),无,0,1,,1,2,0.49833333333333335,0.37266666666666665,1,0,false,0,0.08,0.62208
B,纯颜色型,native,0.520316,3,,,,5,2,2 bit (4色),四角,0,0.3333333333333333,,1,2,0,0,0,1,true,0,0.08,0.62208
B,纯颜色型,native,0.520316,3,,,,5,2,2 bit (4色),四角,0,0.5,,1,2,0,0,0,1,true,0,0.08,0.62208
B,纯颜色型,native,0.520316,3,,,,5,2,2 bit (4色),四角,0,0.6666666666666666,,1,2,0,0,0,1,true,0,0.08,0.62208
B,纯颜色型,native,0.520316,3,,,,5,2,2 bit (4色),四角,0,1,,1,2,0,0,0,1,true,0,0.08,0.62208
B,纯颜色型,native,0.520316,3,,,,5,2,2 bit (4色),密集N=3,3,0.3333333333333333,,1,2,0,0,0,1,true,0.1111111111111111,0.07111111111111111,0.55296
B,纯颜色型,native,0.520316,3,,,,5,2,2 bit (4色),密集N=3,3,0.5,,1,2,0,0,0,1,true,0.1111111111111111,0.07111111111111111,0.55296
B,纯颜色型,native,0.520316,3,,,,5,2,2 bit (4色),密集N=3,3,0.6666666666666666,,1,2,0,0,0,1,true,0.1111111111111111,0.07111111111111111,0.55296
B,纯颜色型,native,0.520316,3,,,,5,2,2 bit (4色),密集N=3,3,1,,1,2,0,0,0,1,true,0.1111111111111111,0.07111111111111111,0.55296
B,纯颜色型,native,0.520316,3,,,,5,2,2 bit (4色),密集N=4,4,0.3333333333333333,,1,2,0,0,0,1,true,0.0625,0.075,0.5832
B,纯颜色型,native,0.520316,3,,,,5,2,2 bit (4色),密集N=4,4,0.5,,1,2,0,0,0,1,true,0.0625,0.075,0.5832
B,纯颜色型,native,0.520316,3,,,,5,2,2 bit (4色),密集N=4,4,0.6666666666666666,,1,2,0,0,0,1,true,0.0625,0.075,0.5832
B,纯颜色型,native,0.520316,3,,,,5,2,2 bit (4色),密集N=4,4,1,,1,2,0,0,0,1,true,0.0625,0.075,0.5832
B,纯颜色型,native,0.520316,3,,,,5,3,3 bit (8色),无,0,0.3333333333333333,,1,3,0.812,0.4613333333333333,1,0,false,0,0.12,0.9331199999999998
B,纯颜色型,native,0.520316,3,,,,5,3,3 bit (8色),无,0,0.5,,1,3,0.818,0.4653333333333333,1,0,false,0,0.12,0.9331199999999998
B,纯颜色型,native,0.520316,3,,,,5,3,3 bit (8色),无,0,0.6666666666666666,,1,3,0.8213333333333334,0.46755555555555556,1,0,false,0,0.12,0.9331199999999998
B,纯颜色型,native,0.520316,3,,,,5,3,3 bit (8色),无,0,1,,1,3,0.8353333333333334,0.47688888888888886,1,0,false,0,0.12,0.9331199999999998
B,纯颜色型,native,0.520316,3,,,,5,3,3 bit (8色),四角,0,0.3333333333333333,,1,3,0,0,0,1,true,0,0.12,0.9331199999999998
B,纯颜色型,native,0.520316,3,,,,5,3,3 bit (8色),四角,0,0.5,,1,3,0,0,0,1,true,0,0.12,0.9331199999999998
B,纯颜色型,native,0.520316,3,,,,5,3,3 bit (8色),四角,0,0.6666666666666666,,1,3,0,0,0,1,true,0,0.12,0.9331199999999998
B,纯颜色型,native,0.520316,3,,,,5,3,3 bit (8色),四角,0,1,,1,3,0.01,0.005666666666666667,0.00007012801498090804,1,true,0,0.12,0.9331199999999998
B,纯颜色型,native,0.520316,3,,,,5,3,3 bit (8色),密集N=3,3,0.3333333333333333,,1,3,0,0,0,1,true,0.1111111111111111,0.10666666666666666,0.8294399999999998
B,纯颜色型,native,0.520316,3,,,,5,3,3 bit (8色),密集N=3,3,0.5,,1,3,0,0,0,1,true,0.1111111111111111,0.10666666666666666,0.8294399999999998
B,纯颜色型,native,0.520316,3,,,,5,3,3 bit (8色),密集N=3,3,0.6666666666666666,,1,3,0,0,0,1,true,0.1111111111111111,0.10666666666666666,0.8294399999999998
B,纯颜色型,native,0.520316,3,,,,5,3,3 bit (8色),密集N=3,3,1,,1,3,0.004,0.0024444444444444444,0,1,true,0.1111111111111111,0.10666666666666666,0.8294399999999998
B,纯颜色型,native,0.520316,3,,,,5,3,3 bit (8色),密集N=4,4,0.3333333333333333,,1,3,0,0,0,1,true,0.0625,0.1125,0.8748
B,纯颜色型,native,0.520316,3,,,,5,3,3 bit (8色),密集N=4,4,0.5,,1,3,0,0,0,1,true,0.0625,0.1125,0.8748
B,纯颜色型,native,0.520316,3,,,,5,3,3 bit (8色),密集N=4,4,0.6666666666666666,,1,3,0,0,0,1,true,0.0625,0.1125,0.8748
B,纯颜色型,native,0.520316,3,,,,5,3,3 bit (8色),密集N=4,4,1,,1,3,0.004,0.0024444444444444444,0,1,true,0.0625,0.1125,0.8748
B,纯颜色型,native,0.520316,3,,,,5,4,4 bit (16色),无,0,0.3333333333333333,,1,4,0.8743333333333333,0.42975,1,0,false,0,0.16,1.24416
B,纯颜色型,native,0.520316,3,,,,5,4,4 bit (16色),无,0,0.5,,1,4,0.8743333333333333,0.42991666666666667,1,0,false,0,0.16,1.24416
B,纯颜色型,native,0.520316,3,,,,5,4,4 bit (16色),无,0,0.6666666666666666,,1,4,0.8743333333333333,0.42891666666666667,1,0,false,0,0.16,1.24416
B,纯颜色型,native,0.520316,3,,,,5,4,4 bit (16色),无,0,1,,1,4,0.876,0.4265,1,0,false,0,0.16,1.24416
B,纯颜色型,native,0.520316,3,,,,5,4,4 bit (16色),四角,0,0.3333333333333333,,1,4,0.044333333333333336,0.01975,0.8940197257241369,0,false,0,0.16,1.24416
B,纯颜色型,native,0.520316,3,,,,5,4,4 bit (16色),四角,0,0.5,,1,4,0.021333333333333333,0.00975,0.037012580989448374,0.6054790586438085,false,0,0.16,1.24416
B,纯颜色型,native,0.520316,3,,,,5,4,4 bit (16色),四角,0,0.6666666666666666,,1,4,0.018,0.008666666666666666,0.0062222220942713125,1,true,0,0.16,1.24416
B,纯颜色型,native,0.520316,3,,,,5,4,4 bit (16色),四角,0,1,,1,4,0.23633333333333334,0.12116666666666667,1,0,false,0,0.16,1.24416
B,纯颜色型,native,0.520316,3,,,,5,4,4 bit (16色),密集N=3,3,0.3333333333333333,,1,4,0.011666666666666667,0.005583333333333333,0.000005332921582335004,1,true,0.1111111111111111,0.14222222222222222,1.10592
B,纯颜色型,native,0.520316,3,,,,5,4,4 bit (16色),密集N=3,3,0.5,,1,4,0.0013333333333333333,0.0003333333333333333,0,1,true,0.1111111111111111,0.14222222222222222,1.10592
B,纯颜色型,native,0.520316,3,,,,5,4,4 bit (16色),密集N=3,3,0.6666666666666666,,1,4,0.0003333333333333333,0.00008333333333333333,0,1,true,0.1111111111111111,0.14222222222222222,1.10592
B,纯颜色型,native,0.520316,3,,,,5,4,4 bit (16色),密集N=3,3,1,,1,4,0.179,0.09016666666666667,1,0,false,0.1111111111111111,0.14222222222222222,1.10592
B,纯颜色型,native,0.520316,3,,,,5,4,4 bit (16色),密集N=4,4,0.3333333333333333,,1,4,0.011333333333333334,0.0055,0.0000028598414261726823,1,true,0.0625,0.15,1.1664
B,纯颜色型,native,0.520316,3,,,,5,4,4 bit (16色),密集N=4,4,0.5,,1,4,0.0013333333333333333,0.0003333333333333333,0,1,true,0.0625,0.15,1.1664
B,纯颜色型,native,0.520316,3,,,,5,4,4 bit (16色),密集N=4,4,0.6666666666666666,,1,4,0.0003333333333333333,0.00008333333333333333,0,1,true,0.0625,0.15,1.1664
B,纯颜色型,native,0.520316,3,,,,5,4,4 bit (16色),密集N=4,4,1,,1,4,0.179,0.09016666666666667,1,0,false,0.0625,0.15,1.1664
B,纯颜色型,native,0.520316,3,,,,5,5,5 bit (32色),无,0,0.3333333333333333,,1,5,0.9383333333333334,0.42966666666666664,1,0,false,0,0.2,1.5552
B,纯颜色型,native,0.520316,3,,,,5,5,5 bit (32色),无,0,0.5,,1,5,0.9383333333333334,0.42806666666666665,1,0,false,0,0.2,1.5552
B,纯颜色型,native,0.520316,3,,,,5,5,5 bit (32色),无,0,0.6666666666666666,,1,5,0.9383333333333334,0.4276,1,0,false,0,0.2,1.5552
B,纯颜色型,native,0.520316,3,,,,5,5,5 bit (32色),无,0,1,,1,5,0.94,0.42446666666666666,1,0,false,0,0.2,1.5552
B,纯颜色型,native,0.520316,3,,,,5,5,5 bit (32色),四角,0,0.3333333333333333,,1,5,0.263,0.10146666666666666,1,0,false,0,0.2,1.5552
B,纯颜色型,native,0.520316,3,,,,5,5,5 bit (32色),四角,0,0.5,,1,5,0.18766666666666668,0.07053333333333334,0.9999999999999949,0,false,0,0.2,1.5552
B,纯颜色型,native,0.520316,3,,,,5,5,5 bit (32色),四角,0,0.6666666666666666,,1,5,0.16766666666666666,0.064,0.999999999998247,0,false,0,0.2,1.5552
B,纯颜色型,native,0.520316,3,,,,5,5,5 bit (32色),四角,0,1,,1,5,0.5323333333333333,0.21546666666666667,1,0,false,0,0.2,1.5552
B,纯颜色型,native,0.520316,3,,,,5,5,5 bit (32色),密集N=3,3,0.3333333333333333,,1,5,0.148,0.055733333333333336,0.9999999996354144,0,false,0.1111111111111111,0.17777777777777778,1.3824000000000003
B,纯颜色型,native,0.520316,3,,,,5,5,5 bit (32色),密集N=3,3,0.5,,1,5,0.044333333333333336,0.017333333333333333,0.6294466853215444,0,false,0.1111111111111111,0.17777777777777778,1.3824000000000003
B,纯颜色型,native,0.520316,3,,,,5,5,5 bit (32色),密集N=3,3,0.6666666666666666,,1,5,0.022,0.008266666666666667,0.004866119277863901,1,true,0.1111111111111111,0.17777777777777778,1.3824000000000003
B,纯颜色型,native,0.520316,3,,,,5,5,5 bit (32色),密集N=3,3,1,,1,5,0.478,0.2008,1,0,false,0.1111111111111111,0.17777777777777778,1.3824000000000003
B,纯颜色型,native,0.520316,3,,,,5,5,5 bit (32色),密集N=4,4,0.3333333333333333,,1,5,0.148,0.05586666666666667,0.9999999996354144,0,false,0.0625,0.1875,1.458
B,纯颜色型,native,0.520316,3,,,,5,5,5 bit (32色),密集N=4,4,0.5,,1,5,0.04466666666666667,0.0174,0.6411874490823521,0,false,0.0625,0.1875,1.458
B,纯颜色型,native,0.520316,3,,,,5,5,5 bit (32色),密集N=4,4,0.6666666666666666,,1,5,0.022,0.008266666666666667,0.004866119277863901,1,true,0.0625,0.1875,1.458
B,纯颜色型,native,0.520316,3,,,,5,5,5 bit (32色),密集N=4,4,1,,1,5,0.478,0.20073333333333335,1,0,false,0.0625,0.1875,1.458
B,纯颜色型,native,0.520316,3,,,,8,1,1 bit (2色),无,0,0.3333333333333333,,1,1,0.485,0.485,1,0,false,0,0.015625,0.1215
B,纯颜色型,native,0.520316,3,,,,8,1,1 bit (2色),无,0,0.5,,1,1,0.485,0.485,1,0,false,0,0.015625,0.1215
B,纯颜色型,native,0.520316,3,,,,8,1,1 bit (2色),无,0,0.6666666666666666,,1,1,0.49266666666666664,0.49266666666666664,1,0,false,0,0.015625,0.1215
B,纯颜色型,native,0.520316,3,,,,8,1,1 bit (2色),无,0,1,,1,1,0.49266666666666664,0.49266666666666664,1,0,false,0,0.015625,0.1215
B,纯颜色型,native,0.520316,3,,,,8,1,1 bit (2色),四角,0,0.3333333333333333,,1,1,0,0,0,1,true,0,0.015625,0.1215
B,纯颜色型,native,0.520316,3,,,,8,1,1 bit (2色),四角,0,0.5,,1,1,0,0,0,1,true,0,0.015625,0.1215
B,纯颜色型,native,0.520316,3,,,,8,1,1 bit (2色),四角,0,0.6666666666666666,,1,1,0,0,0,1,true,0,0.015625,0.1215
B,纯颜色型,native,0.520316,3,,,,8,1,1 bit (2色),四角,0,1,,1,1,0,0,0,1,true,0,0.015625,0.1215
B,纯颜色型,native,0.520316,3,,,,8,1,1 bit (2色),密集N=3,3,0.3333333333333333,,1,1,0,0,0,1,true,0.1111111111111111,0.013888888888888888,0.10799999999999998
B,纯颜色型,native,0.520316,3,,,,8,1,1 bit (2色),密集N=3,3,0.5,,1,1,0,0,0,1,true,0.1111111111111111,0.013888888888888888,0.10799999999999998
B,纯颜色型,native,0.520316,3,,,,8,1,1 bit (2色),密集N=3,3,0.6666666666666666,,1,1,0,0,0,1,true,0.1111111111111111,0.013888888888888888,0.10799999999999998
B,纯颜色型,native,0.520316,3,,,,8,1,1 bit (2色),密集N=3,3,1,,1,1,0,0,0,1,true,0.1111111111111111,0.013888888888888888,0.10799999999999998
B,纯颜色型,native,0.520316,3,,,,8,1,1 bit (2色),密集N=4,4,0.3333333333333333,,1,1,0,0,0,1,true,0.06296296296296296,0.014641203703703703,0.11385
B,纯颜色型,native,0.520316,3,,,,8,1,1 bit (2色),密集N=4,4,0.5,,1,1,0,0,0,1,true,0.06296296296296296,0.014641203703703703,0.11385
B,纯颜色型,native,0.520316,3,,,,8,1,1 bit (2色),密集N=4,4,0.6666666666666666,,1,1,0,0,0,1,true,0.06296296296296296,0.014641203703703703,0.11385
B,纯颜色型,native,0.520316,3,,,,8,1,1 bit (2色),密集N=4,4,1,,1,1,0,0,0,1,true,0.06296296296296296,0.014641203703703703,0.11385
B,纯颜色型,native,0.520316,3,,,,8,2,2 bit (4色),无,0,0.3333333333333333,,1,2,0.488,0.3645,1,0,false,0,0.03125,0.243
B,纯颜色型,native,0.520316,3,,,,8,2,2 bit (4色),无,0,0.5,,1,2,0.48966666666666664,0.36566666666666664,1,0,false,0,0.03125,0.243
B,纯颜色型,native,0.520316,3,,,,8,2,2 bit (4色),无,0,0.6666666666666666,,1,2,0.49166666666666664,0.36933333333333335,1,0,false,0,0.03125,0.243
B,纯颜色型,native,0.520316,3,,,,8,2,2 bit (4色),无,0,1,,1,2,0.49333333333333335,0.37016666666666664,1,0,false,0,0.03125,0.243
B,纯颜色型,native,0.520316,3,,,,8,2,2 bit (4色),四角,0,0.3333333333333333,,1,2,0,0,0,1,true,0,0.03125,0.243
B,纯颜色型,native,0.520316,3,,,,8,2,2 bit (4色),四角,0,0.5,,1,2,0,0,0,1,true,0,0.03125,0.243
B,纯颜色型,native,0.520316,3,,,,8,2,2 bit (4色),四角,0,0.6666666666666666,,1,2,0,0,0,1,true,0,0.03125,0.243
B,纯颜色型,native,0.520316,3,,,,8,2,2 bit (4色),四角,0,1,,1,2,0,0,0,1,true,0,0.03125,0.243
B,纯颜色型,native,0.520316,3,,,,8,2,2 bit (4色),密集N=3,3,0.3333333333333333,,1,2,0,0,0,1,true,0.1111111111111111,0.027777777777777776,0.21599999999999997
B,纯颜色型,native,0.520316,3,,,,8,2,2 bit (4色),密集N=3,3,0.5,,1,2,0,0,0,1,true,0.1111111111111111,0.027777777777777776,0.21599999999999997
B,纯颜色型,native,0.520316,3,,,,8,2,2 bit (4色),密集N=3,3,0.6666666666666666,,1,2,0,0,0,1,true,0.1111111111111111,0.027777777777777776,0.21599999999999997
B,纯颜色型,native,0.520316,3,,,,8,2,2 bit (4色),密集N=3,3,1,,1,2,0,0,0,1,true,0.1111111111111111,0.027777777777777776,0.21599999999999997
B,纯颜色型,native,0.520316,3,,,,8,2,2 bit (4色),密集N=4,4,0.3333333333333333,,1,2,0,0,0,1,true,0.06296296296296296,0.029282407407407406,0.2277
B,纯颜色型,native,0.520316,3,,,,8,2,2 bit (4色),密集N=4,4,0.5,,1,2,0,0,0,1,true,0.06296296296296296,0.029282407407407406,0.2277
B,纯颜色型,native,0.520316,3,,,,8,2,2 bit (4色),密集N=4,4,0.6666666666666666,,1,2,0,0,0,1,true,0.06296296296296296,0.029282407407407406,0.2277
B,纯颜色型,native,0.520316,3,,,,8,2,2 bit (4色),密集N=4,4,1,,1,2,0,0,0,1,true,0.06296296296296296,0.029282407407407406,0.2277
B,纯颜色型,native,0.520316,3,,,,8,3,3 bit (8色),无,0,0.3333333333333333,,1,3,0.8033333333333333,0.45211111111111113,1,0,false,0,0.046875,0.3645
B,纯颜色型,native,0.520316,3,,,,8,3,3 bit (8色),无,0,0.5,,1,3,0.803,0.4518888888888889,1,0,false,0,0.046875,0.3645
B,纯颜色型,native,0.520316,3,,,,8,3,3 bit (8色),无,0,0.6666666666666666,,1,3,0.821,0.4673333333333333,1,0,false,0,0.046875,0.3645
B,纯颜色型,native,0.520316,3,,,,8,3,3 bit (8色),无,0,1,,1,3,0.83,0.47333333333333333,1,0,false,0,0.046875,0.3645
B,纯颜色型,native,0.520316,3,,,,8,3,3 bit (8色),四角,0,0.3333333333333333,,1,3,0,0,0,1,true,0,0.046875,0.3645
B,纯颜色型,native,0.520316,3,,,,8,3,3 bit (8色),四角,0,0.5,,1,3,0,0,0,1,true,0,0.046875,0.3645
B,纯颜色型,native,0.520316,3,,,,8,3,3 bit (8色),四角,0,0.6666666666666666,,1,3,0,0,0,1,true,0,0.046875,0.3645
B,纯颜色型,native,0.520316,3,,,,8,3,3 bit (8色),四角,0,1,,1,3,0,0,0,1,true,0,0.046875,0.3645
B,纯颜色型,native,0.520316,3,,,,8,3,3 bit (8色),密集N=3,3,0.3333333333333333,,1,3,0,0,0,1,true,0.1111111111111111,0.041666666666666664,0.324
B,纯颜色型,native,0.520316,3,,,,8,3,3 bit (8色),密集N=3,3,0.5,,1,3,0,0,0,1,true,0.1111111111111111,0.041666666666666664,0.324
B,纯颜色型,native,0.520316,3,,,,8,3,3 bit (8色),密集N=3,3,0.6666666666666666,,1,3,0,0,0,1,true,0.1111111111111111,0.041666666666666664,0.324
B,纯颜色型,native,0.520316,3,,,,8,3,3 bit (8色),密集N=3,3,1,,1,3,0,0,0,1,true,0.1111111111111111,0.041666666666666664,0.324
B,纯颜色型,native,0.520316,3,,,,8,3,3 bit (8色),密集N=4,4,0.3333333333333333,,1,3,0,0,0,1,true,0.06296296296296296,0.04392361111111111,0.34155
B,纯颜色型,native,0.520316,3,,,,8,3,3 bit (8色),密集N=4,4,0.5,,1,3,0,0,0,1,true,0.06296296296296296,0.04392361111111111,0.34155
B,纯颜色型,native,0.520316,3,,,,8,3,3 bit (8色),密集N=4,4,0.6666666666666666,,1,3,0,0,0,1,true,0.06296296296296296,0.04392361111111111,0.34155
B,纯颜色型,native,0.520316,3,,,,8,3,3 bit (8色),密集N=4,4,1,,1,3,0,0,0,1,true,0.06296296296296296,0.04392361111111111,0.34155
B,纯颜色型,native,0.520316,3,,,,8,4,4 bit (16色),无,0,0.3333333333333333,,1,4,0.8683333333333333,0.4205833333333333,1,0,false,0,0.0625,0.486
B,纯颜色型,native,0.520316,3,,,,8,4,4 bit (16色),无,0,0.5,,1,4,0.8683333333333333,0.42083333333333334,1,0,false,0,0.0625,0.486
B,纯颜色型,native,0.520316,3,,,,8,4,4 bit (16色),无,0,0.6666666666666666,,1,4,0.8743333333333333,0.43075,1,0,false,0,0.0625,0.486
B,纯颜色型,native,0.520316,3,,,,8,4,4 bit (16色),无,0,1,,1,4,0.8746666666666667,0.42575,1,0,false,0,0.0625,0.486
B,纯颜色型,native,0.520316,3,,,,8,4,4 bit (16色),四角,0,0.3333333333333333,,1,4,0.019333333333333334,0.00875,0.013978193264480687,0.9999999999942819,true,0,0.0625,0.486
B,纯颜色型,native,0.520316,3,,,,8,4,4 bit (16色),四角,0,0.5,,1,4,0.010333333333333333,0.004583333333333333,3.3914353064767866e-7,1,true,0,0.0625,0.486
B,纯颜色型,native,0.520316,3,,,,8,4,4 bit (16色),四角,0,0.6666666666666666,,1,4,0.012666666666666666,0.005833333333333334,0.000027908214733252112,1,true,0,0.0625,0.486
B,纯颜色型,native,0.520316,3,,,,8,4,4 bit (16色),四角,0,1,,1,4,0.13666666666666666,0.07025,0.9999999999983157,0,false,0,0.0625,0.486
B,纯颜色型,native,0.520316,3,,,,8,4,4 bit (16色),密集N=3,3,0.3333333333333333,,1,4,0.0006666666666666666,0.00025,0,1,true,0.1111111111111111,0.05555555555555555,0.43199999999999994
B,纯颜色型,native,0.520316,3,,,,8,4,4 bit (16色),密集N=3,3,0.5,,1,4,0,0,0,1,true,0.1111111111111111,0.05555555555555555,0.43199999999999994
B,纯颜色型,native,0.520316,3,,,,8,4,4 bit (16色),密集N=3,3,0.6666666666666666,,1,4,0,0,0,1,true,0.1111111111111111,0.05555555555555555,0.43199999999999994
B,纯颜色型,native,0.520316,3,,,,8,4,4 bit (16色),密集N=3,3,1,,1,4,0.10033333333333333,0.050416666666666665,0.9999998456383641,0,false,0.1111111111111111,0.05555555555555555,0.43199999999999994
B,纯颜色型,native,0.520316,3,,,,8,4,4 bit (16色),密集N=4,4,0.3333333333333333,,1,4,0.0006666666666666666,0.00025,0,1,true,0.06296296296296296,0.05856481481481481,0.4554
B,纯颜色型,native,0.520316,3,,,,8,4,4 bit (16色),密集N=4,4,0.5,,1,4,0,0,0,1,true,0.06296296296296296,0.05856481481481481,0.4554
B,纯颜色型,native,0.520316,3,,,,8,4,4 bit (16色),密集N=4,4,0.6666666666666666,,1,4,0,0,0,1,true,0.06296296296296296,0.05856481481481481,0.4554
B,纯颜色型,native,0.520316,3,,,,8,4,4 bit (16色),密集N=4,4,1,,1,4,0.1,0.050333333333333334,0.9999998299967268,0,false,0.06296296296296296,0.05856481481481481,0.4554
B,纯颜色型,native,0.520316,3,,,,8,5,5 bit (32色),无,0,0.3333333333333333,,1,5,0.935,0.41973333333333335,1,0,false,0,0.078125,0.6075
B,纯颜色型,native,0.520316,3,,,,8,5,5 bit (32色),无,0,0.5,,1,5,0.935,0.42046666666666666,1,0,false,0,0.078125,0.6075
B,纯颜色型,native,0.520316,3,,,,8,5,5 bit (32色),无,0,0.6666666666666666,,1,5,0.9383333333333334,0.4286,1,0,false,0,0.078125,0.6075
B,纯颜色型,native,0.520316,3,,,,8,5,5 bit (32色),无,0,1,,1,5,0.9386666666666666,0.42373333333333335,1,0,false,0,0.078125,0.6075
B,纯颜色型,native,0.520316,3,,,,8,5,5 bit (32色),四角,0,0.3333333333333333,,1,5,0.166,0.0634,0.9999999999972033,0,false,0,0.078125,0.6075
B,纯颜色型,native,0.520316,3,,,,8,5,5 bit (32色),四角,0,0.5,,1,5,0.131,0.049133333333333334,0.9999999728814797,0,false,0,0.078125,0.6075
B,纯颜色型,native,0.520316,3,,,,8,5,5 bit (32色),四角,0,0.6666666666666666,,1,5,0.11733333333333333,0.04466666666666667,0.999999295042656,0,false,0,0.078125,0.6075
B,纯颜色型,native,0.520316,3,,,,8,5,5 bit (32色),四角,0,1,,1,5,0.41133333333333333,0.1654,1,0,false,0,0.078125,0.6075
B,纯颜色型,native,0.520316,3,,,,8,5,5 bit (32色),密集N=3,3,0.3333333333333333,,1,5,0.037,0.0142,0.33744801476426545,0,false,0.1111111111111111,0.06944444444444445,0.54
B,纯颜色型,native,0.520316,3,,,,8,5,5 bit (32色),密集N=3,3,0.5,,1,5,0.005666666666666667,0.0018666666666666666,0,1,true,0.1111111111111111,0.06944444444444445,0.54
B,纯颜色型,native,0.520316,3,,,,8,5,5 bit (32色),密集N=3,3,0.6666666666666666,,1,5,0.0016666666666666668,0.0006,0,1,true,0.1111111111111111,0.06944444444444445,0.54
B,纯颜色型,native,0.520316,3,,,,8,5,5 bit (32色),密集N=3,3,1,,1,5,0.2926666666666667,0.12306666666666667,1,0,false,0.1111111111111111,0.06944444444444445,0.54
B,纯颜色型,native,0.520316,3,,,,8,5,5 bit (32色),密集N=4,4,0.3333333333333333,,1,5,0.036333333333333336,0.013933333333333334,0.31046242023454396,0,false,0.06296296296296296,0.07320601851851852,0.56925
B,纯颜色型,native,0.520316,3,,,,8,5,5 bit (32色),密集N=4,4,0.5,,1,5,0.005666666666666667,0.0018666666666666666,0,1,true,0.06296296296296296,0.07320601851851852,0.56925
B,纯颜色型,native,0.520316,3,,,,8,5,5 bit (32色),密集N=4,4,0.6666666666666666,,1,5,0.0016666666666666668,0.0006,0,1,true,0.06296296296296296,0.07320601851851852,0.56925
B,纯颜色型,native,0.520316,3,,,,8,5,5 bit (32色),密集N=4,4,1,,1,5,0.29333333333333333,0.12326666666666666,1,0,false,0.06296296296296296,0.07320601851851852,0.56925
B,纯颜色型,native,0.520316,3,,,,13,1,1 bit (2色),无,0,0.3333333333333333,,1,1,0.5186666666666667,0.5186666666666667,1,0,false,0,0.005917159763313609,0.04601183431952662
B,纯颜色型,native,0.520316,3,,,,13,1,1 bit (2色),无,0,0.5,,1,1,0.5186666666666667,0.5186666666666667,1,0,false,0,0.005917159763313609,0.04601183431952662
B,纯颜色型,native,0.520316,3,,,,13,1,1 bit (2色),无,0,0.6666666666666666,,1,1,0.485,0.485,1,0,false,0,0.005917159763313609,0.04601183431952662
B,纯颜色型,native,0.520316,3,,,,13,1,1 bit (2色),无,0,1,,1,1,0.49266666666666664,0.49266666666666664,1,0,false,0,0.005917159763313609,0.04601183431952662
B,纯颜色型,native,0.520316,3,,,,13,1,1 bit (2色),四角,0,0.3333333333333333,,1,1,0,0,0,1,true,0,0.005917159763313609,0.04601183431952662
B,纯颜色型,native,0.520316,3,,,,13,1,1 bit (2色),四角,0,0.5,,1,1,0,0,0,1,true,0,0.005917159763313609,0.04601183431952662
B,纯颜色型,native,0.520316,3,,,,13,1,1 bit (2色),四角,0,0.6666666666666666,,1,1,0,0,0,1,true,0,0.005917159763313609,0.04601183431952662
B,纯颜色型,native,0.520316,3,,,,13,1,1 bit (2色),四角,0,1,,1,1,0,0,0,1,true,0,0.005917159763313609,0.04601183431952662
B,纯颜色型,native,0.520316,3,,,,13,1,1 bit (2色),密集N=3,3,0.3333333333333333,,1,1,0,0,0,1,true,0.11244979919678715,0.005251776336113686,0.04083781278962002
B,纯颜色型,native,0.520316,3,,,,13,1,1 bit (2色),密集N=3,3,0.5,,1,1,0,0,0,1,true,0.11244979919678715,0.005251776336113686,0.04083781278962002
B,纯颜色型,native,0.520316,3,,,,13,1,1 bit (2色),密集N=3,3,0.6666666666666666,,1,1,0,0,0,1,true,0.11244979919678715,0.005251776336113686,0.04083781278962002
B,纯颜色型,native,0.520316,3,,,,13,1,1 bit (2色),密集N=3,3,1,,1,1,0,0,0,1,true,0.11244979919678715,0.005251776336113686,0.04083781278962002
B,纯颜色型,native,0.520316,3,,,,13,1,1 bit (2色),密集N=4,4,0.3333333333333333,,1,1,0,0,0,1,true,0.06368330464716007,0.0055403354754605914,0.04308164865718155
B,纯颜色型,native,0.520316,3,,,,13,1,1 bit (2色),密集N=4,4,0.5,,1,1,0,0,0,1,true,0.06368330464716007,0.0055403354754605914,0.04308164865718155
B,纯颜色型,native,0.520316,3,,,,13,1,1 bit (2色),密集N=4,4,0.6666666666666666,,1,1,0,0,0,1,true,0.06368330464716007,0.0055403354754605914,0.04308164865718155
B,纯颜色型,native,0.520316,3,,,,13,1,1 bit (2色),密集N=4,4,1,,1,1,0,0,0,1,true,0.06368330464716007,0.0055403354754605914,0.04308164865718155
B,纯颜色型,native,0.520316,3,,,,13,2,2 bit (4色),无,0,0.3333333333333333,,1,2,0.498,0.37866666666666665,1,0,false,0,0.011834319526627219,0.09202366863905324
B,纯颜色型,native,0.520316,3,,,,13,2,2 bit (4色),无,0,0.5,,1,2,0.49933333333333335,0.37933333333333336,1,0,false,0,0.011834319526627219,0.09202366863905324
B,纯颜色型,native,0.520316,3,,,,13,2,2 bit (4色),无,0,0.6666666666666666,,1,2,0.49,0.366,1,0,false,0,0.011834319526627219,0.09202366863905324
B,纯颜色型,native,0.520316,3,,,,13,2,2 bit (4色),无,0,1,,1,2,0.493,0.37,1,0,false,0,0.011834319526627219,0.09202366863905324
B,纯颜色型,native,0.520316,3,,,,13,2,2 bit (4色),四角,0,0.3333333333333333,,1,2,0,0,0,1,true,0,0.011834319526627219,0.09202366863905324
B,纯颜色型,native,0.520316,3,,,,13,2,2 bit (4色),四角,0,0.5,,1,2,0,0,0,1,true,0,0.011834319526627219,0.09202366863905324
B,纯颜色型,native,0.520316,3,,,,13,2,2 bit (4色),四角,0,0.6666666666666666,,1,2,0,0,0,1,true,0,0.011834319526627219,0.09202366863905324
B,纯颜色型,native,0.520316,3,,,,13,2,2 bit (4色),四角,0,1,,1,2,0,0,0,1,true,0,0.011834319526627219,0.09202366863905324
B,纯颜色型,native,0.520316,3,,,,13,2,2 bit (4色),密集N=3,3,0.3333333333333333,,1,2,0,0,0,1,true,0.11244979919678715,0.010503552672227372,0.08167562557924005
B,纯颜色型,native,0.520316,3,,,,13,2,2 bit (4色),密集N=3,3,0.5,,1,2,0,0,0,1,true,0.11244979919678715,0.010503552672227372,0.08167562557924005
B,纯颜色型,native,0.520316,3,,,,13,2,2 bit (4色),密集N=3,3,0.6666666666666666,,1,2,0,0,0,1,true,0.11244979919678715,0.010503552672227372,0.08167562557924005
B,纯颜色型,native,0.520316,3,,,,13,2,2 bit (4色),密集N=3,3,1,,1,2,0,0,0,1,true,0.11244979919678715,0.010503552672227372,0.08167562557924005
B,纯颜色型,native,0.520316,3,,,,13,2,2 bit (4色),密集N=4,4,0.3333333333333333,,1,2,0,0,0,1,true,0.06368330464716007,0.011080670950921183,0.0861632973143631
B,纯颜色型,native,0.520316,3,,,,13,2,2 bit (4色),密集N=4,4,0.5,,1,2,0,0,0,1,true,0.06368330464716007,0.011080670950921183,0.0861632973143631
B,纯颜色型,native,0.520316,3,,,,13,2,2 bit (4色),密集N=4,4,0.6666666666666666,,1,2,0,0,0,1,true,0.06368330464716007,0.011080670950921183,0.0861632973143631
B,纯颜色型,native,0.520316,3,,,,13,2,2 bit (4色),密集N=4,4,1,,1,2,0,0,0,1,true,0.06368330464716007,0.011080670950921183,0.0861632973143631
B,纯颜色型,native,0.520316,3,,,,13,3,3 bit (8色),无,0,0.3333333333333333,,1,3,0.8173333333333334,0.4693333333333333,1,0,false,0,0.01775147928994083,0.1380355029585799
B,纯颜色型,native,0.520316,3,,,,13,3,3 bit (8色),无,0,0.5,,1,3,0.8183333333333334,0.47,1,0,false,0,0.01775147928994083,0.1380355029585799
B,纯颜色型,native,0.520316,3,,,,13,3,3 bit (8色),无,0,0.6666666666666666,,1,3,0.8056666666666666,0.45366666666666666,1,0,false,0,0.01775147928994083,0.1380355029585799
B,纯颜色型,native,0.520316,3,,,,13,3,3 bit (8色),无,0,1,,1,3,0.8273333333333334,0.47155555555555556,1,0,false,0,0.01775147928994083,0.1380355029585799
B,纯颜色型,native,0.520316,3,,,,13,3,3 bit (8色),四角,0,0.3333333333333333,,1,3,0,0,0,1,true,0,0.01775147928994083,0.1380355029585799
B,纯颜色型,native,0.520316,3,,,,13,3,3 bit (8色),四角,0,0.5,,1,3,0,0,0,1,true,0,0.01775147928994083,0.1380355029585799
B,纯颜色型,native,0.520316,3,,,,13,3,3 bit (8色),四角,0,0.6666666666666666,,1,3,0,0,0,1,true,0,0.01775147928994083,0.1380355029585799
B,纯颜色型,native,0.520316,3,,,,13,3,3 bit (8色),四角,0,1,,1,3,0,0,0,1,true,0,0.01775147928994083,0.1380355029585799
B,纯颜色型,native,0.520316,3,,,,13,3,3 bit (8色),密集N=3,3,0.3333333333333333,,1,3,0,0,0,1,true,0.11244979919678715,0.01575532900834106,0.12251343836886008
B,纯颜色型,native,0.520316,3,,,,13,3,3 bit (8色),密集N=3,3,0.5,,1,3,0,0,0,1,true,0.11244979919678715,0.01575532900834106,0.12251343836886008
B,纯颜色型,native,0.520316,3,,,,13,3,3 bit (8色),密集N=3,3,0.6666666666666666,,1,3,0,0,0,1,true,0.11244979919678715,0.01575532900834106,0.12251343836886008
B,纯颜色型,native,0.520316,3,,,,13,3,3 bit (8色),密集N=3,3,1,,1,3,0,0,0,1,true,0.11244979919678715,0.01575532900834106,0.12251343836886008
B,纯颜色型,native,0.520316,3,,,,13,3,3 bit (8色),密集N=4,4,0.3333333333333333,,1,3,0,0,0,1,true,0.06368330464716007,0.016621006426381774,0.12924494597154468
B,纯颜色型,native,0.520316,3,,,,13,3,3 bit (8色),密集N=4,4,0.5,,1,3,0,0,0,1,true,0.06368330464716007,0.016621006426381774,0.12924494597154468
B,纯颜色型,native,0.520316,3,,,,13,3,3 bit (8色),密集N=4,4,0.6666666666666666,,1,3,0,0,0,1,true,0.06368330464716007,0.016621006426381774,0.12924494597154468
B,纯颜色型,native,0.520316,3,,,,13,3,3 bit (8色),密集N=4,4,1,,1,3,0,0,0,1,true,0.06368330464716007,0.016621006426381774,0.12924494597154468
B,纯颜色型,native,0.520316,3,,,,13,4,4 bit (16色),无,0,0.3333333333333333,,1,4,0.8743333333333333,0.4344166666666667,1,0,false,0,0.023668639053254437,0.1840473372781065
B,纯颜色型,native,0.520316,3,,,,13,4,4 bit (16色),无,0,0.5,,1,4,0.8743333333333333,0.43466666666666665,1,0,false,0,0.023668639053254437,0.1840473372781065
B,纯颜色型,native,0.520316,3,,,,13,4,4 bit (16色),无,0,0.6666666666666666,,1,4,0.8683333333333333,0.42083333333333334,1,0,false,0,0.023668639053254437,0.1840473372781065
B,纯颜色型,native,0.520316,3,,,,13,4,4 bit (16色),无,0,1,,1,4,0.8743333333333333,0.42633333333333334,1,0,false,0,0.023668639053254437,0.1840473372781065
B,纯颜色型,native,0.520316,3,,,,13,4,4 bit (16色),四角,0,0.3333333333333333,,1,4,0.009333333333333334,0.0033333333333333335,2.458109182867929e-8,1,true,0,0.023668639053254437,0.1840473372781065
B,纯颜色型,native,0.520316,3,,,,13,4,4 bit (16色),四角,0,0.5,,1,4,0.008,0.002916666666666667,2.512053898229283e-10,1,true,0,0.023668639053254437,0.1840473372781065
B,纯颜色型,native,0.520316,3,,,,13,4,4 bit (16色),四角,0,0.6666666666666666,,1,4,0.009,0.00325,8.930295558595702e-9,1,true,0,0.023668639053254437,0.1840473372781065
B,纯颜色型,native,0.520316,3,,,,13,4,4 bit (16色),四角,0,1,,1,4,0.05466666666666667,0.022,0.9844927762385414,0,false,0,0.023668639053254437,0.1840473372781065
B,纯颜色型,native,0.520316,3,,,,13,4,4 bit (16色),密集N=3,3,0.3333333333333333,,1,4,0,0,0,1,true,0.11244979919678715,0.021007105344454744,0.1633512511584801
B,纯颜色型,native,0.520316,3,,,,13,4,4 bit (16色),密集N=3,3,0.5,,1,4,0,0,0,1,true,0.11244979919678715,0.021007105344454744,0.1633512511584801
B,纯颜色型,native,0.520316,3,,,,13,4,4 bit (16色),密集N=3,3,0.6666666666666666,,1,4,0,0,0,1,true,0.11244979919678715,0.021007105344454744,0.1633512511584801
B,纯颜色型,native,0.520316,3,,,,13,4,4 bit (16色),密集N=3,3,1,,1,4,0.021,0.00575,0.032010898676833044,0.8864134242787687,false,0.11244979919678715,0.021007105344454744,0.1633512511584801
B,纯颜色型,native,0.520316,3,,,,13,4,4 bit (16色),密集N=4,4,0.3333333333333333,,1,4,0,0,0,1,true,0.06368330464716007,0.022161341901842366,0.1723265946287262
B,纯颜色型,native,0.520316,3,,,,13,4,4 bit (16色),密集N=4,4,0.5,,1,4,0,0,0,1,true,0.06368330464716007,0.022161341901842366,0.1723265946287262
B,纯颜色型,native,0.520316,3,,,,13,4,4 bit (16色),密集N=4,4,0.6666666666666666,,1,4,0,0,0,1,true,0.06368330464716007,0.022161341901842366,0.1723265946287262
B,纯颜色型,native,0.520316,3,,,,13,4,4 bit (16色),密集N=4,4,1,,1,4,0.021,0.00575,0.032010898676833044,0.8864134242787687,false,0.06368330464716007,0.022161341901842366,0.1723265946287262
B,纯颜色型,native,0.520316,3,,,,13,5,5 bit (32色),无,0,0.3333333333333333,,1,5,0.938,0.42633333333333334,1,0,false,0,0.029585798816568046,0.23005917159763314
B,纯颜色型,native,0.520316,3,,,,13,5,5 bit (32色),无,0,0.5,,1,5,0.938,0.42673333333333335,1,0,false,0,0.029585798816568046,0.23005917159763314
B,纯颜色型,native,0.520316,3,,,,13,5,5 bit (32色),无,0,0.6666666666666666,,1,5,0.935,0.41946666666666665,1,0,false,0,0.029585798816568046,0.23005917159763314
B,纯颜色型,native,0.520316,3,,,,13,5,5 bit (32色),无,0,1,,1,5,0.9383333333333334,0.4248,1,0,false,0,0.029585798816568046,0.23005917159763314
B,纯颜色型,native,0.520316,3,,,,13,5,5 bit (32色),四角,0,0.3333333333333333,,1,5,0.13233333333333333,0.05093333333333333,0.9999999804604693,0,false,0,0.029585798816568046,0.23005917159763314
B,纯颜色型,native,0.520316,3,,,,13,5,5 bit (32色),四角,0,0.5,,1,5,0.12266666666666666,0.04666666666666667,0.9999997978486344,0,false,0,0.029585798816568046,0.23005917159763314
B,纯颜色型,native,0.520316,3,,,,13,5,5 bit (32色),四角,0,0.6666666666666666,,1,5,0.11166666666666666,0.0418,0.999997425692444,0,false,0,0.029585798816568046,0.23005917159763314
B,纯颜色型,native,0.520316,3,,,,13,5,5 bit (32色),四角,0,1,,1,5,0.2966666666666667,0.11913333333333333,1,0,false,0,0.029585798816568046,0.23005917159763314
B,纯颜色型,native,0.520316,3,,,,13,5,5 bit (32色),密集N=3,3,0.3333333333333333,,1,5,0.0026666666666666666,0.0012666666666666666,0,1,true,0.11244979919678715,0.02625888168056843,0.20418906394810007
B,纯颜色型,native,0.520316,3,,,,13,5,5 bit (32色),密集N=3,3,0.5,,1,5,0.0003333333333333333,0.00013333333333333334,0,1,true,0.11244979919678715,0.02625888168056843,0.20418906394810007
B,纯颜色型,native,0.520316,3,,,,13,5,5 bit (32色),密集N=3,3,0.6666666666666666,,1,5,0,0,0,1,true,0.11244979919678715,0.02625888168056843,0.20418906394810007
B,纯颜色型,native,0.520316,3,,,,13,5,5 bit (32色),密集N=3,3,1,,1,5,0.138,0.05726666666666667,0.9999999952413556,0,false,0.11244979919678715,0.02625888168056843,0.20418906394810007
B,纯颜色型,native,0.520316,3,,,,13,5,5 bit (32色),密集N=4,4,0.3333333333333333,,1,5,0.0026666666666666666,0.0012666666666666666,0,1,true,0.06368330464716007,0.027701677377302957,0.21540824328590782
B,纯颜色型,native,0.520316,3,,,,13,5,5 bit (32色),密集N=4,4,0.5,,1,5,0.0003333333333333333,0.00013333333333333334,0,1,true,0.06368330464716007,0.027701677377302957,0.21540824328590782
B,纯颜色型,native,0.520316,3,,,,13,5,5 bit (32色),密集N=4,4,0.6666666666666666,,1,5,0,0,0,1,true,0.06368330464716007,0.027701677377302957,0.21540824328590782
B,纯颜色型,native,0.520316,3,,,,13,5,5 bit (32色),密集N=4,4,1,,1,5,0.13766666666666666,0.05706666666666667,0.9999999948245933,0,false,0.06368330464716007,0.027701677377302957,0.21540824328590782
B,纯颜色型,web_locked,1.031678,5,,,,3,1,1 bit (2色),无,0,0.3333333333333333,,1,1,0.49933333333333335,0.49933333333333335,1,0,false,0,0.1111111111111111,0.8639999999999999
B,纯颜色型,web_locked,1.031678,5,,,,3,1,1 bit (2色),无,0,0.5,,1,1,0.49933333333333335,0.49933333333333335,1,0,false,0,0.1111111111111111,0.8639999999999999
B,纯颜色型,web_locked,1.031678,5,,,,3,1,1 bit (2色),无,0,0.6666666666666666,,1,1,0.51,0.51,1,0,false,0,0.1111111111111111,0.8639999999999999
B,纯颜色型,web_locked,1.031678,5,,,,3,1,1 bit (2色),无,0,1,,1,1,0.51,0.51,1,0,false,0,0.1111111111111111,0.8639999999999999
B,纯颜色型,web_locked,1.031678,5,,,,3,1,1 bit (2色),四角,0,0.3333333333333333,,1,1,0.07333333333333333,0.07333333333333333,1,0,false,0,0.1111111111111111,0.8639999999999999
B,纯颜色型,web_locked,1.031678,5,,,,3,1,1 bit (2色),四角,0,0.5,,1,1,0.11233333333333333,0.11233333333333333,1,0,false,0,0.1111111111111111,0.8639999999999999
B,纯颜色型,web_locked,1.031678,5,,,,3,1,1 bit (2色),四角,0,0.6666666666666666,,1,1,0.136,0.136,1,0,false,0,0.1111111111111111,0.8639999999999999
B,纯颜色型,web_locked,1.031678,5,,,,3,1,1 bit (2色),四角,0,1,,1,1,0.255,0.255,1,0,false,0,0.1111111111111111,0.8639999999999999
B,纯颜色型,web_locked,1.031678,5,,,,3,1,1 bit (2色),密集N=3,3,0.3333333333333333,,1,1,0.030333333333333334,0.030333333333333334,0.9999999985748256,0,false,0.11145833333333334,0.09872685185185186,0.7677000000000002
B,纯颜色型,web_locked,1.031678,5,,,,3,1,1 bit (2色),密集N=3,3,0.5,,1,1,0.111,0.111,1,0,false,0.11145833333333334,0.09872685185185186,0.7677000000000002
B,纯颜色型,web_locked,1.031678,5,,,,3,1,1 bit (2色),密集N=3,3,0.6666666666666666,,1,1,0.15033333333333335,0.15033333333333335,1,0,false,0.11145833333333334,0.09872685185185186,0.7677000000000002
B,纯颜色型,web_locked,1.031678,5,,,,3,1,1 bit (2色),密集N=3,3,1,,1,1,0.2723333333333333,0.2723333333333333,1,0,false,0.11145833333333334,0.09872685185185186,0.7677000000000002
B,纯颜色型,web_locked,1.031678,5,,,,3,1,1 bit (2色),密集N=4,4,0.3333333333333333,,1,1,0.030333333333333334,0.030333333333333334,0.9999999985748256,0,false,0.0625,0.10416666666666667,0.81
B,纯颜色型,web_locked,1.031678,5,,,,3,1,1 bit (2色),密集N=4,4,0.5,,1,1,0.111,0.111,1,0,false,0.0625,0.10416666666666667,0.81
B,纯颜色型,web_locked,1.031678,5,,,,3,1,1 bit (2色),密集N=4,4,0.6666666666666666,,1,1,0.15033333333333335,0.15033333333333335,1,0,false,0.0625,0.10416666666666667,0.81
B,纯颜色型,web_locked,1.031678,5,,,,3,1,1 bit (2色),密集N=4,4,1,,1,1,0.2723333333333333,0.2723333333333333,1,0,false,0.0625,0.10416666666666667,0.81
B,纯颜色型,web_locked,1.031678,5,,,,3,2,2 bit (4色),无,0,0.3333333333333333,,1,2,0.25,0.224,1,0,false,0,0.2222222222222222,1.7279999999999998
B,纯颜色型,web_locked,1.031678,5,,,,3,2,2 bit (4色),无,0,0.5,,1,2,0.251,0.22333333333333333,1,0,false,0,0.2222222222222222,1.7279999999999998
B,纯颜色型,web_locked,1.031678,5,,,,3,2,2 bit (4色),无,0,0.6666666666666666,,1,2,0.25233333333333335,0.22633333333333333,1,0,false,0,0.2222222222222222,1.7279999999999998
B,纯颜色型,web_locked,1.031678,5,,,,3,2,2 bit (4色),无,0,1,,1,2,0.27666666666666667,0.2375,1,0,false,0,0.2222222222222222,1.7279999999999998
B,纯颜色型,web_locked,1.031678,5,,,,3,2,2 bit (4色),四角,0,0.3333333333333333,,1,2,0.03933333333333333,0.027,0.9999135676977925,0,false,0,0.2222222222222222,1.7279999999999998
B,纯颜色型,web_locked,1.031678,5,,,,3,2,2 bit (4色),四角,0,0.5,,1,2,0.088,0.0605,1,0,false,0,0.2222222222222222,1.7279999999999998
B,纯颜色型,web_locked,1.031678,5,,,,3,2,2 bit (4色),四角,0,0.6666666666666666,,1,2,0.16166666666666665,0.1065,1,0,false,0,0.2222222222222222,1.7279999999999998
B,纯颜色型,web_locked,1.031678,5,,,,3,2,2 bit (4色),四角,0,1,,1,2,0.35833333333333334,0.23983333333333334,1,0,false,0,0.2222222222222222,1.7279999999999998
B,纯颜色型,web_locked,1.031678,5,,,,3,2,2 bit (4色),密集N=3,3,0.3333333333333333,,1,2,0.019333333333333334,0.013166666666666667,0.7359420656834326,0,false,0.11145833333333334,0.19745370370370371,1.5354000000000003
B,纯颜色型,web_locked,1.031678,5,,,,3,2,2 bit (4色),密集N=3,3,0.5,,1,2,0.05433333333333333,0.037333333333333336,0.99999996819199,0,false,0.11145833333333334,0.19745370370370371,1.5354000000000003
B,纯颜色型,web_locked,1.031678,5,,,,3,2,2 bit (4色),密集N=3,3,0.6666666666666666,,1,2,0.124,0.07966666666666666,1,0,false,0.11145833333333334,0.19745370370370371,1.5354000000000003
B,纯颜色型,web_locked,1.031678,5,,,,3,2,2 bit (4色),密集N=3,3,1,,1,2,0.335,0.22183333333333333,1,0,false,0.11145833333333334,0.19745370370370371,1.5354000000000003
B,纯颜色型,web_locked,1.031678,5,,,,3,2,2 bit (4色),密集N=4,4,0.3333333333333333,,1,2,0.019333333333333334,0.013166666666666667,0.7359420656834326,0,false,0.0625,0.20833333333333334,1.62
B,纯颜色型,web_locked,1.031678,5,,,,3,2,2 bit (4色),密集N=4,4,0.5,,1,2,0.05433333333333333,0.037333333333333336,0.99999996819199,0,false,0.0625,0.20833333333333334,1.62
B,纯颜色型,web_locked,1.031678,5,,,,3,2,2 bit (4色),密集N=4,4,0.6666666666666666,,1,2,0.12433333333333334,0.07983333333333334,1,0,false,0.0625,0.20833333333333334,1.62
B,纯颜色型,web_locked,1.031678,5,,,,3,2,2 bit (4色),密集N=4,4,1,,1,2,0.335,0.22183333333333333,1,0,false,0.0625,0.20833333333333334,1.62
B,纯颜色型,web_locked,1.031678,5,,,,3,3,3 bit (8色),无,0,0.3333333333333333,,1,3,0.6433333333333333,0.3771111111111111,1,0,false,0,0.3333333333333333,2.592
B,纯颜色型,web_locked,1.031678,5,,,,3,3,3 bit (8色),无,0,0.5,,1,3,0.653,0.3844444444444444,1,0,false,0,0.3333333333333333,2.592
B,纯颜色型,web_locked,1.031678,5,,,,3,3,3 bit (8色),无,0,0.6666666666666666,,1,3,0.667,0.39666666666666667,1,0,false,0,0.3333333333333333,2.592
B,纯颜色型,web_locked,1.031678,5,,,,3,3,3 bit (8色),无,0,1,,1,3,0.704,0.42177777777777775,1,0,false,0,0.3333333333333333,2.592
B,纯颜色型,web_locked,1.031678,5,,,,3,3,3 bit (8色),四角,0,0.3333333333333333,,1,3,0.13066666666666665,0.07844444444444444,1,0,false,0,0.3333333333333333,2.592
B,纯颜色型,web_locked,1.031678,5,,,,3,3,3 bit (8色),四角,0,0.5,,1,3,0.16733333333333333,0.10244444444444445,1,0,false,0,0.3333333333333333,2.592
B,纯颜色型,web_locked,1.031678,5,,,,3,3,3 bit (8色),四角,0,0.6666666666666666,,1,3,0.21666666666666667,0.12688888888888888,1,0,false,0,0.3333333333333333,2.592
B,纯颜色型,web_locked,1.031678,5,,,,3,3,3 bit (8色),四角,0,1,,1,3,0.31466666666666665,0.17922222222222223,1,0,false,0,0.3333333333333333,2.592
B,纯颜色型,web_locked,1.031678,5,,,,3,3,3 bit (8色),密集N=3,3,0.3333333333333333,,1,3,0.12533333333333332,0.07622222222222222,0.9999999999999999,0,false,0.11145833333333334,0.29618055555555556,2.3031
B,纯颜色型,web_locked,1.031678,5,,,,3,3,3 bit (8色),密集N=3,3,0.5,,1,3,0.15933333333333333,0.09877777777777778,1,0,false,0.11145833333333334,0.29618055555555556,2.3031
B,纯颜色型,web_locked,1.031678,5,,,,3,3,3 bit (8色),密集N=3,3,0.6666666666666666,,1,3,0.21166666666666667,0.12522222222222223,1,0,false,0.11145833333333334,0.29618055555555556,2.3031
B,纯颜色型,web_locked,1.031678,5,,,,3,3,3 bit (8色),密集N=3,3,1,,1,3,0.30866666666666664,0.17422222222222222,1,0,false,0.11145833333333334,0.29618055555555556,2.3031
B,纯颜色型,web_locked,1.031678,5,,,,3,3,3 bit (8色),密集N=4,4,0.3333333333333333,,1,3,0.12533333333333332,0.07622222222222222,0.9999999999999999,0,false,0.0625,0.3125,2.43
B,纯颜色型,web_locked,1.031678,5,,,,3,3,3 bit (8色),密集N=4,4,0.5,,1,3,0.15933333333333333,0.09877777777777778,1,0,false,0.0625,0.3125,2.43
B,纯颜色型,web_locked,1.031678,5,,,,3,3,3 bit (8色),密集N=4,4,0.6666666666666666,,1,3,0.21166666666666667,0.12522222222222223,1,0,false,0.0625,0.3125,2.43
B,纯颜色型,web_locked,1.031678,5,,,,3,3,3 bit (8色),密集N=4,4,1,,1,3,0.30866666666666664,0.17422222222222222,1,0,false,0.0625,0.3125,2.43
B,纯颜色型,web_locked,1.031678,5,,,,3,4,4 bit (16色),无,0,0.3333333333333333,,1,4,0.8196666666666667,0.372,1,0,false,0,0.4444444444444444,3.4559999999999995
B,纯颜色型,web_locked,1.031678,5,,,,3,4,4 bit (16色),无,0,0.5,,1,4,0.8216666666666667,0.37483333333333335,1,0,false,0,0.4444444444444444,3.4559999999999995
B,纯颜色型,web_locked,1.031678,5,,,,3,4,4 bit (16色),无,0,0.6666666666666666,,1,4,0.8156666666666667,0.37316666666666665,1,0,false,0,0.4444444444444444,3.4559999999999995
B,纯颜色型,web_locked,1.031678,5,,,,3,4,4 bit (16色),无,0,1,,1,4,0.825,0.38383333333333336,1,0,false,0,0.4444444444444444,3.4559999999999995
B,纯颜色型,web_locked,1.031678,5,,,,3,4,4 bit (16色),四角,0,0.3333333333333333,,1,4,0.322,0.16366666666666665,1,0,false,0,0.4444444444444444,3.4559999999999995
B,纯颜色型,web_locked,1.031678,5,,,,3,4,4 bit (16色),四角,0,0.5,,1,4,0.3576666666666667,0.17991666666666667,1,0,false,0,0.4444444444444444,3.4559999999999995
B,纯颜色型,web_locked,1.031678,5,,,,3,4,4 bit (16色),四角,0,0.6666666666666666,,1,4,0.41233333333333333,0.20316666666666666,1,0,false,0,0.4444444444444444,3.4559999999999995
B,纯颜色型,web_locked,1.031678,5,,,,3,4,4 bit (16色),四角,0,1,,1,4,0.5333333333333333,0.25925,1,0,false,0,0.4444444444444444,3.4559999999999995
B,纯颜色型,web_locked,1.031678,5,,,,3,4,4 bit (16色),密集N=3,3,0.3333333333333333,,1,4,0.2866666666666667,0.14533333333333334,1,0,false,0.11145833333333334,0.39490740740740743,3.0708000000000006
B,纯颜色型,web_locked,1.031678,5,,,,3,4,4 bit (16色),密集N=3,3,0.5,,1,4,0.323,0.16375,1,0,false,0.11145833333333334,0.39490740740740743,3.0708000000000006
B,纯颜色型,web_locked,1.031678,5,,,,3,4,4 bit (16色),密集N=3,3,0.6666666666666666,,1,4,0.388,0.19,1,0,false,0.11145833333333334,0.39490740740740743,3.0708000000000006
B,纯颜色型,web_locked,1.031678,5,,,,3,4,4 bit (16色),密集N=3,3,1,,1,4,0.534,0.2628333333333333,1,0,false,0.11145833333333334,0.39490740740740743,3.0708000000000006
B,纯颜色型,web_locked,1.031678,5,,,,3,4,4 bit (16色),密集N=4,4,0.3333333333333333,,1,4,0.2866666666666667,0.14533333333333334,1,0,false,0.0625,0.4166666666666667,3.24
B,纯颜色型,web_locked,1.031678,5,,,,3,4,4 bit (16色),密集N=4,4,0.5,,1,4,0.3233333333333333,0.16383333333333333,1,0,false,0.0625,0.4166666666666667,3.24
B,纯颜色型,web_locked,1.031678,5,,,,3,4,4 bit (16色),密集N=4,4,0.6666666666666666,,1,4,0.388,0.19,1,0,false,0.0625,0.4166666666666667,3.24
B,纯颜色型,web_locked,1.031678,5,,,,3,4,4 bit (16色),密集N=4,4,1,,1,4,0.534,0.2628333333333333,1,0,false,0.0625,0.4166666666666667,3.24
B,纯颜色型,web_locked,1.031678,5,,,,3,5,5 bit (32色),无,0,0.3333333333333333,,1,5,0.9056666666666666,0.36993333333333334,1,0,false,0,0.5555555555555556,4.32
B,纯颜色型,web_locked,1.031678,5,,,,3,5,5 bit (32色),无,0,0.5,,1,5,0.9073333333333333,0.37266666666666665,1,0,false,0,0.5555555555555556,4.32
B,纯颜色型,web_locked,1.031678,5,,,,3,5,5 bit (32色),无,0,0.6666666666666666,,1,5,0.9023333333333333,0.3736,1,0,false,0,0.5555555555555556,4.32
B,纯颜色型,web_locked,1.031678,5,,,,3,5,5 bit (32色),无,0,1,,1,5,0.909,0.38913333333333333,1,0,false,0,0.5555555555555556,4.32
B,纯颜色型,web_locked,1.031678,5,,,,3,5,5 bit (32色),四角,0,0.3333333333333333,,1,5,0.5726666666666667,0.23826666666666665,1,0,false,0,0.5555555555555556,4.32
B,纯颜色型,web_locked,1.031678,5,,,,3,5,5 bit (32色),四角,0,0.5,,1,5,0.615,0.25953333333333334,1,0,false,0,0.5555555555555556,4.32
B,纯颜色型,web_locked,1.031678,5,,,,3,5,5 bit (32色),四角,0,0.6666666666666666,,1,5,0.665,0.2779333333333333,1,0,false,0,0.5555555555555556,4.32
B,纯颜色型,web_locked,1.031678,5,,,,3,5,5 bit (32色),四角,0,1,,1,5,0.749,0.32026666666666664,1,0,false,0,0.5555555555555556,4.32
B,纯颜色型,web_locked,1.031678,5,,,,3,5,5 bit (32色),密集N=3,3,0.3333333333333333,,1,5,0.547,0.23553333333333334,1,0,false,0.11145833333333334,0.49363425925925924,3.8384999999999994
B,纯颜色型,web_locked,1.031678,5,,,,3,5,5 bit (32色),密集N=3,3,0.5,,1,5,0.5943333333333334,0.2531333333333333,1,0,false,0.11145833333333334,0.49363425925925924,3.8384999999999994
B,纯颜色型,web_locked,1.031678,5,,,,3,5,5 bit (32色),密集N=3,3,0.6666666666666666,,1,5,0.6396666666666667,0.2736,1,0,false,0.11145833333333334,0.49363425925925924,3.8384999999999994
B,纯颜色型,web_locked,1.031678,5,,,,3,5,5 bit (32色),密集N=3,3,1,,1,5,0.7436666666666667,0.31633333333333336,1,0,false,0.11145833333333334,0.49363425925925924,3.8384999999999994
B,纯颜色型,web_locked,1.031678,5,,,,3,5,5 bit (32色),密集N=4,4,0.3333333333333333,,1,5,0.547,0.23553333333333334,1,0,false,0.0625,0.5208333333333334,4.050000000000001
B,纯颜色型,web_locked,1.031678,5,,,,3,5,5 bit (32色),密集N=4,4,0.5,,1,5,0.5946666666666667,0.2534,1,0,false,0.0625,0.5208333333333334,4.050000000000001
B,纯颜色型,web_locked,1.031678,5,,,,3,5,5 bit (32色),密集N=4,4,0.6666666666666666,,1,5,0.6396666666666667,0.2736,1,0,false,0.0625,0.5208333333333334,4.050000000000001
B,纯颜色型,web_locked,1.031678,5,,,,3,5,5 bit (32色),密集N=4,4,1,,1,5,0.7433333333333333,0.31626666666666664,1,0,false,0.0625,0.5208333333333334,4.050000000000001
B,纯颜色型,web_locked,1.031678,5,,,,5,1,1 bit (2色),无,0,0.3333333333333333,,1,1,0.49266666666666664,0.49266666666666664,1,0,false,0,0.04,0.31104
B,纯颜色型,web_locked,1.031678,5,,,,5,1,1 bit (2色),无,0,0.5,,1,1,0.49266666666666664,0.49266666666666664,1,0,false,0,0.04,0.31104
B,纯颜色型,web_locked,1.031678,5,,,,5,1,1 bit (2色),无,0,0.6666666666666666,,1,1,0.49266666666666664,0.49266666666666664,1,0,false,0,0.04,0.31104
B,纯颜色型,web_locked,1.031678,5,,,,5,1,1 bit (2色),无,0,1,,1,1,0.49933333333333335,0.49933333333333335,1,0,false,0,0.04,0.31104
B,纯颜色型,web_locked,1.031678,5,,,,5,1,1 bit (2色),四角,0,0.3333333333333333,,1,1,0,0,0,1,true,0,0.04,0.31104
B,纯颜色型,web_locked,1.031678,5,,,,5,1,1 bit (2色),四角,0,0.5,,1,1,0,0,0,1,true,0,0.04,0.31104
B,纯颜色型,web_locked,1.031678,5,,,,5,1,1 bit (2色),四角,0,0.6666666666666666,,1,1,0,0,0,1,true,0,0.04,0.31104
B,纯颜色型,web_locked,1.031678,5,,,,5,1,1 bit (2色),四角,0,1,,1,1,0.08033333333333334,0.08033333333333334,1,0,false,0,0.04,0.31104
B,纯颜色型,web_locked,1.031678,5,,,,5,1,1 bit (2色),密集N=3,3,0.3333333333333333,,1,1,0,0,0,1,true,0.1111111111111111,0.035555555555555556,0.27648
B,纯颜色型,web_locked,1.031678,5,,,,5,1,1 bit (2色),密集N=3,3,0.5,,1,1,0,0,0,1,true,0.1111111111111111,0.035555555555555556,0.27648
B,纯颜色型,web_locked,1.031678,5,,,,5,1,1 bit (2色),密集N=3,3,0.6666666666666666,,1,1,0,0,0,1,true,0.1111111111111111,0.035555555555555556,0.27648
B,纯颜色型,web_locked,1.031678,5,,,,5,1,1 bit (2色),密集N=3,3,1,,1,1,0.03166666666666667,0.03166666666666667,0.999999999689936,0,false,0.1111111111111111,0.035555555555555556,0.27648
B,纯颜色型,web_locked,1.031678,5,,,,5,1,1 bit (2色),密集N=4,4,0.3333333333333333,,1,1,0,0,0,1,true,0.0625,0.0375,0.2916
B,纯颜色型,web_locked,1.031678,5,,,,5,1,1 bit (2色),密集N=4,4,0.5,,1,1,0,0,0,1,true,0.0625,0.0375,0.2916
B,纯颜色型,web_locked,1.031678,5,,,,5,1,1 bit (2色),密集N=4,4,0.6666666666666666,,1,1,0,0,0,1,true,0.0625,0.0375,0.2916
B,纯颜色型,web_locked,1.031678,5,,,,5,1,1 bit (2色),密集N=4,4,1,,1,1,0.03166666666666667,0.03166666666666667,0.999999999689936,0,false,0.0625,0.0375,0.2916
B,纯颜色型,web_locked,1.031678,5,,,,5,2,2 bit (4色),无,0,0.3333333333333333,,1,2,0.247,0.2165,1,0,false,0,0.08,0.62208
B,纯颜色型,web_locked,1.031678,5,,,,5,2,2 bit (4色),无,0,0.5,,1,2,0.247,0.21683333333333332,1,0,false,0,0.08,0.62208
B,纯颜色型,web_locked,1.031678,5,,,,5,2,2 bit (4色),无,0,0.6666666666666666,,1,2,0.247,0.219,1,0,false,0,0.08,0.62208
B,纯颜色型,web_locked,1.031678,5,,,,5,2,2 bit (4色),无,0,1,,1,2,0.25,0.22333333333333333,1,0,false,0,0.08,0.62208
B,纯颜色型,web_locked,1.031678,5,,,,5,2,2 bit (4色),四角,0,0.3333333333333333,,1,2,0,0,0,1,true,0,0.08,0.62208
B,纯颜色型,web_locked,1.031678,5,,,,5,2,2 bit (4色),四角,0,0.5,,1,2,0,0,0,1,true,0,0.08,0.62208
B,纯颜色型,web_locked,1.031678,5,,,,5,2,2 bit (4色),四角,0,0.6666666666666666,,1,2,0,0,0,1,true,0,0.08,0.62208
B,纯颜色型,web_locked,1.031678,5,,,,5,2,2 bit (4色),四角,0,1,,1,2,0.047,0.03183333333333333,0.9999982579652094,0,false,0,0.08,0.62208
B,纯颜色型,web_locked,1.031678,5,,,,5,2,2 bit (4色),密集N=3,3,0.3333333333333333,,1,2,0,0,0,1,true,0.1111111111111111,0.07111111111111111,0.55296
B,纯颜色型,web_locked,1.031678,5,,,,5,2,2 bit (4色),密集N=3,3,0.5,,1,2,0,0,0,1,true,0.1111111111111111,0.07111111111111111,0.55296
B,纯颜色型,web_locked,1.031678,5,,,,5,2,2 bit (4色),密集N=3,3,0.6666666666666666,,1,2,0,0,0,1,true,0.1111111111111111,0.07111111111111111,0.55296
B,纯颜色型,web_locked,1.031678,5,,,,5,2,2 bit (4色),密集N=3,3,1,,1,2,0.02033333333333333,0.013666666666666667,0.7995553040949697,0,false,0.1111111111111111,0.07111111111111111,0.55296
B,纯颜色型,web_locked,1.031678,5,,,,5,2,2 bit (4色),密集N=4,4,0.3333333333333333,,1,2,0,0,0,1,true,0.0625,0.075,0.5832
B,纯颜色型,web_locked,1.031678,5,,,,5,2,2 bit (4色),密集N=4,4,0.5,,1,2,0,0,0,1,true,0.0625,0.075,0.5832
B,纯颜色型,web_locked,1.031678,5,,,,5,2,2 bit (4色),密集N=4,4,0.6666666666666666,,1,2,0,0,0,1,true,0.0625,0.075,0.5832
B,纯颜色型,web_locked,1.031678,5,,,,5,2,2 bit (4色),密集N=4,4,1,,1,2,0.02033333333333333,0.013666666666666667,0.7995553040949697,0,false,0.0625,0.075,0.5832
B,纯颜色型,web_locked,1.031678,5,,,,5,3,3 bit (8色),无,0,0.3333333333333333,,1,3,0.599,0.32022222222222224,1,0,false,0,0.12,0.9331199999999998
B,纯颜色型,web_locked,1.031678,5,,,,5,3,3 bit (8色),无,0,0.5,,1,3,0.603,0.32555555555555554,1,0,false,0,0.12,0.9331199999999998
B,纯颜色型,web_locked,1.031678,5,,,,5,3,3 bit (8色),无,0,0.6666666666666666,,1,3,0.6103333333333333,0.339,1,0,false,0,0.12,0.9331199999999998
B,纯颜色型,web_locked,1.031678,5,,,,5,3,3 bit (8色),无,0,1,,1,3,0.6446666666666667,0.37777777777777777,1,0,false,0,0.12,0.9331199999999998
B,纯颜色型,web_locked,1.031678,5,,,,5,3,3 bit (8色),四角,0,0.3333333333333333,,1,3,0,0,0,1,true,0,0.12,0.9331199999999998
B,纯颜色型,web_locked,1.031678,5,,,,5,3,3 bit (8色),四角,0,0.5,,1,3,0,0,0,1,true,0,0.12,0.9331199999999998
B,纯颜色型,web_locked,1.031678,5,,,,5,3,3 bit (8色),四角,0,0.6666666666666666,,1,3,0.002,0.001,0,1,true,0,0.12,0.9331199999999998
B,纯颜色型,web_locked,1.031678,5,,,,5,3,3 bit (8色),四角,0,1,,1,3,0.13666666666666666,0.083,1,0,false,0,0.12,0.9331199999999998
B,纯颜色型,web_locked,1.031678,5,,,,5,3,3 bit (8色),密集N=3,3,0.3333333333333333,,1,3,0,0,0,1,true,0.1111111111111111,0.10666666666666666,0.8294399999999998
B,纯颜色型,web_locked,1.031678,5,,,,5,3,3 bit (8色),密集N=3,3,0.5,,1,3,0,0,0,1,true,0.1111111111111111,0.10666666666666666,0.8294399999999998
B,纯颜色型,web_locked,1.031678,5,,,,5,3,3 bit (8色),密集N=3,3,0.6666666666666666,,1,3,0.0016666666666666668,0.0006666666666666666,0,1,true,0.1111111111111111,0.10666666666666666,0.8294399999999998
B,纯颜色型,web_locked,1.031678,5,,,,5,3,3 bit (8色),密集N=3,3,1,,1,3,0.12833333333333333,0.07822222222222222,1,0,false,0.1111111111111111,0.10666666666666666,0.8294399999999998
B,纯颜色型,web_locked,1.031678,5,,,,5,3,3 bit (8色),密集N=4,4,0.3333333333333333,,1,3,0,0,0,1,true,0.0625,0.1125,0.8748
B,纯颜色型,web_locked,1.031678,5,,,,5,3,3 bit (8色),密集N=4,4,0.5,,1,3,0,0,0,1,true,0.0625,0.1125,0.8748
B,纯颜色型,web_locked,1.031678,5,,,,5,3,3 bit (8色),密集N=4,4,0.6666666666666666,,1,3,0.0016666666666666668,0.0006666666666666666,0,1,true,0.0625,0.1125,0.8748
B,纯颜色型,web_locked,1.031678,5,,,,5,3,3 bit (8色),密集N=4,4,1,,1,3,0.12833333333333333,0.07822222222222222,1,0,false,0.0625,0.1125,0.8748
B,纯颜色型,web_locked,1.031678,5,,,,5,4,4 bit (16色),无,0,0.3333333333333333,,1,4,0.8123333333333334,0.35691666666666666,1,0,false,0,0.16,1.24416
B,纯颜色型,web_locked,1.031678,5,,,,5,4,4 bit (16色),无,0,0.5,,1,4,0.811,0.3580833333333333,1,0,false,0,0.16,1.24416
B,纯颜色型,web_locked,1.031678,5,,,,5,4,4 bit (16色),无,0,0.6666666666666666,,1,4,0.811,0.36183333333333334,1,0,false,0,0.16,1.24416
B,纯颜色型,web_locked,1.031678,5,,,,5,4,4 bit (16色),无,0,1,,1,4,0.82,0.37316666666666665,1,0,false,0,0.16,1.24416
B,纯颜色型,web_locked,1.031678,5,,,,5,4,4 bit (16色),四角,0,0.3333333333333333,,1,4,0.004333333333333333,0.0010833333333333333,0,1,true,0,0.16,1.24416
B,纯颜色型,web_locked,1.031678,5,,,,5,4,4 bit (16色),四角,0,0.5,,1,4,0.054,0.0265,0.982249700959493,0,false,0,0.16,1.24416
B,纯颜色型,web_locked,1.031678,5,,,,5,4,4 bit (16色),四角,0,0.6666666666666666,,1,4,0.13,0.069,0.9999999999843474,0,false,0,0.16,1.24416
B,纯颜色型,web_locked,1.031678,5,,,,5,4,4 bit (16色),四角,0,1,,1,4,0.328,0.16641666666666666,1,0,false,0,0.16,1.24416
B,纯颜色型,web_locked,1.031678,5,,,,5,4,4 bit (16色),密集N=3,3,0.3333333333333333,,1,4,0.0023333333333333335,0.0005833333333333334,0,1,true,0.1111111111111111,0.14222222222222222,1.10592
B,纯颜色型,web_locked,1.031678,5,,,,5,4,4 bit (16色),密集N=3,3,0.5,,1,4,0.04466666666666667,0.021333333333333333,0.8997441923531158,0,false,0.1111111111111111,0.14222222222222222,1.10592
B,纯颜色型,web_locked,1.031678,5,,,,5,4,4 bit (16色),密集N=3,3,0.6666666666666666,,1,4,0.12566666666666668,0.06541666666666666,0.9999999999354352,0,false,0.1111111111111111,0.14222222222222222,1.10592
B,纯颜色型,web_locked,1.031678,5,,,,5,4,4 bit (16色),密集N=3,3,1,,1,4,0.29,0.14725,1,0,false,0.1111111111111111,0.14222222222222222,1.10592
B,纯颜色型,web_locked,1.031678,5,,,,5,4,4 bit (16色),密集N=4,4,0.3333333333333333,,1,4,0.0023333333333333335,0.0005833333333333334,0,1,true,0.0625,0.15,1.1664
B,纯颜色型,web_locked,1.031678,5,,,,5,4,4 bit (16色),密集N=4,4,0.5,,1,4,0.04466666666666667,0.021333333333333333,0.8997441923531158,0,false,0.0625,0.15,1.1664
B,纯颜色型,web_locked,1.031678,5,,,,5,4,4 bit (16色),密集N=4,4,0.6666666666666666,,1,4,0.12566666666666668,0.06541666666666666,0.9999999999354352,0,false,0.0625,0.15,1.1664
B,纯颜色型,web_locked,1.031678,5,,,,5,4,4 bit (16色),密集N=4,4,1,,1,4,0.29,0.14725,1,0,false,0.0625,0.15,1.1664
B,纯颜色型,web_locked,1.031678,5,,,,5,5,5 bit (32色),无,0,0.3333333333333333,,1,5,0.888,0.3716,1,0,false,0,0.2,1.5552
B,纯颜色型,web_locked,1.031678,5,,,,5,5,5 bit (32色),无,0,0.5,,1,5,0.8883333333333333,0.371,1,0,false,0,0.2,1.5552
B,纯颜色型,web_locked,1.031678,5,,,,5,5,5 bit (32色),无,0,0.6666666666666666,,1,5,0.8903333333333333,0.3712,1,0,false,0,0.2,1.5552
B,纯颜色型,web_locked,1.031678,5,,,,5,5,5 bit (32色),无,0,1,,1,5,0.9056666666666666,0.37006666666666665,1,0,false,0,0.2,1.5552
B,纯颜色型,web_locked,1.031678,5,,,,5,5,5 bit (32色),四角,0,0.3333333333333333,,1,5,0.12266666666666666,0.0534,0.9999997978486344,0,false,0,0.2,1.5552
B,纯颜色型,web_locked,1.031678,5,,,,5,5,5 bit (32色),四角,0,0.5,,1,5,0.222,0.0904,1,0,false,0,0.2,1.5552
B,纯颜色型,web_locked,1.031678,5,,,,5,5,5 bit (32色),四角,0,0.6666666666666666,,1,5,0.3423333333333333,0.13906666666666667,1,0,false,0,0.2,1.5552
B,纯颜色型,web_locked,1.031678,5,,,,5,5,5 bit (32色),四角,0,1,,1,5,0.582,0.24286666666666668,1,0,false,0,0.2,1.5552
B,纯颜色型,web_locked,1.031678,5,,,,5,5,5 bit (32色),密集N=3,3,0.3333333333333333,,1,5,0.06733333333333333,0.030933333333333334,0.9830880329917127,0,false,0.1111111111111111,0.17777777777777778,1.3824000000000003
B,纯颜色型,web_locked,1.031678,5,,,,5,5,5 bit (32色),密集N=3,3,0.5,,1,5,0.15266666666666667,0.06193333333333333,0.9999999998936653,0,false,0.1111111111111111,0.17777777777777778,1.3824000000000003
B,纯颜色型,web_locked,1.031678,5,,,,5,5,5 bit (32色),密集N=3,3,0.6666666666666666,,1,5,0.26166666666666666,0.108,1,0,false,0.1111111111111111,0.17777777777777778,1.3824000000000003
B,纯颜色型,web_locked,1.031678,5,,,,5,5,5 bit (32色),密集N=3,3,1,,1,5,0.5583333333333333,0.24006666666666668,1,0,false,0.1111111111111111,0.17777777777777778,1.3824000000000003
B,纯颜色型,web_locked,1.031678,5,,,,5,5,5 bit (32色),密集N=4,4,0.3333333333333333,,1,5,0.06733333333333333,0.030933333333333334,0.9830880329917127,0,false,0.0625,0.1875,1.458
B,纯颜色型,web_locked,1.031678,5,,,,5,5,5 bit (32色),密集N=4,4,0.5,,1,5,0.15266666666666667,0.06193333333333333,0.9999999998936653,0,false,0.0625,0.1875,1.458
B,纯颜色型,web_locked,1.031678,5,,,,5,5,5 bit (32色),密集N=4,4,0.6666666666666666,,1,5,0.26166666666666666,0.108,1,0,false,0.0625,0.1875,1.458
B,纯颜色型,web_locked,1.031678,5,,,,5,5,5 bit (32色),密集N=4,4,1,,1,5,0.558,0.24013333333333334,1,0,false,0.0625,0.1875,1.458
B,纯颜色型,web_locked,1.031678,5,,,,8,1,1 bit (2色),无,0,0.3333333333333333,,1,1,0.49266666666666664,0.49266666666666664,1,0,false,0,0.015625,0.1215
B,纯颜色型,web_locked,1.031678,5,,,,8,1,1 bit (2色),无,0,0.5,,1,1,0.49266666666666664,0.49266666666666664,1,0,false,0,0.015625,0.1215
B,纯颜色型,web_locked,1.031678,5,,,,8,1,1 bit (2色),无,0,0.6666666666666666,,1,1,0.49266666666666664,0.49266666666666664,1,0,false,0,0.015625,0.1215
B,纯颜色型,web_locked,1.031678,5,,,,8,1,1 bit (2色),无,0,1,,1,1,0.49266666666666664,0.49266666666666664,1,0,false,0,0.015625,0.1215
B,纯颜色型,web_locked,1.031678,5,,,,8,1,1 bit (2色),四角,0,0.3333333333333333,,1,1,0,0,0,1,true,0,0.015625,0.1215
B,纯颜色型,web_locked,1.031678,5,,,,8,1,1 bit (2色),四角,0,0.5,,1,1,0,0,0,1,true,0,0.015625,0.1215
B,纯颜色型,web_locked,1.031678,5,,,,8,1,1 bit (2色),四角,0,0.6666666666666666,,1,1,0,0,0,1,true,0,0.015625,0.1215
B,纯颜色型,web_locked,1.031678,5,,,,8,1,1 bit (2色),四角,0,1,,1,1,0.0003333333333333333,0.0003333333333333333,0,1,true,0,0.015625,0.1215
B,纯颜色型,web_locked,1.031678,5,,,,8,1,1 bit (2色),密集N=3,3,0.3333333333333333,,1,1,0,0,0,1,true,0.1111111111111111,0.013888888888888888,0.10799999999999998
B,纯颜色型,web_locked,1.031678,5,,,,8,1,1 bit (2色),密集N=3,3,0.5,,1,1,0,0,0,1,true,0.1111111111111111,0.013888888888888888,0.10799999999999998
B,纯颜色型,web_locked,1.031678,5,,,,8,1,1 bit (2色),密集N=3,3,0.6666666666666666,,1,1,0,0,0,1,true,0.1111111111111111,0.013888888888888888,0.10799999999999998
B,纯颜色型,web_locked,1.031678,5,,,,8,1,1 bit (2色),密集N=3,3,1,,1,1,0,0,0,1,true,0.1111111111111111,0.013888888888888888,0.10799999999999998
B,纯颜色型,web_locked,1.031678,5,,,,8,1,1 bit (2色),密集N=4,4,0.3333333333333333,,1,1,0,0,0,1,true,0.06296296296296296,0.014641203703703703,0.11385
B,纯颜色型,web_locked,1.031678,5,,,,8,1,1 bit (2色),密集N=4,4,0.5,,1,1,0,0,0,1,true,0.06296296296296296,0.014641203703703703,0.11385
B,纯颜色型,web_locked,1.031678,5,,,,8,1,1 bit (2色),密集N=4,4,0.6666666666666666,,1,1,0,0,0,1,true,0.06296296296296296,0.014641203703703703,0.11385
B,纯颜色型,web_locked,1.031678,5,,,,8,1,1 bit (2色),密集N=4,4,1,,1,1,0,0,0,1,true,0.06296296296296296,0.014641203703703703,0.11385
B,纯颜色型,web_locked,1.031678,5,,,,8,2,2 bit (4色),无,0,0.3333333333333333,,1,2,0.247,0.2165,1,0,false,0,0.03125,0.243
B,纯颜色型,web_locked,1.031678,5,,,,8,2,2 bit (4色),无,0,0.5,,1,2,0.247,0.21666666666666667,1,0,false,0,0.03125,0.243
B,纯颜色型,web_locked,1.031678,5,,,,8,2,2 bit (4色),无,0,0.6666666666666666,,1,2,0.247,0.21666666666666667,1,0,false,0,0.03125,0.243
B,纯颜色型,web_locked,1.031678,5,,,,8,2,2 bit (4色),无,0,1,,1,2,0.247,0.221,1,0,false,0,0.03125,0.243
B,纯颜色型,web_locked,1.031678,5,,,,8,2,2 bit (4色),四角,0,0.3333333333333333,,1,2,0,0,0,1,true,0,0.03125,0.243
B,纯颜色型,web_locked,1.031678,5,,,,8,2,2 bit (4色),四角,0,0.5,,1,2,0,0,0,1,true,0,0.03125,0.243
B,纯颜色型,web_locked,1.031678,5,,,,8,2,2 bit (4色),四角,0,0.6666666666666666,,1,2,0,0,0,1,true,0,0.03125,0.243
B,纯颜色型,web_locked,1.031678,5,,,,8,2,2 bit (4色),四角,0,1,,1,2,0,0,0,1,true,0,0.03125,0.243
B,纯颜色型,web_locked,1.031678,5,,,,8,2,2 bit (4色),密集N=3,3,0.3333333333333333,,1,2,0,0,0,1,true,0.1111111111111111,0.027777777777777776,0.21599999999999997
B,纯颜色型,web_locked,1.031678,5,,,,8,2,2 bit (4色),密集N=3,3,0.5,,1,2,0,0,0,1,true,0.1111111111111111,0.027777777777777776,0.21599999999999997
B,纯颜色型,web_locked,1.031678,5,,,,8,2,2 bit (4色),密集N=3,3,0.6666666666666666,,1,2,0,0,0,1,true,0.1111111111111111,0.027777777777777776,0.21599999999999997
B,纯颜色型,web_locked,1.031678,5,,,,8,2,2 bit (4色),密集N=3,3,1,,1,2,0,0,0,1,true,0.1111111111111111,0.027777777777777776,0.21599999999999997
B,纯颜色型,web_locked,1.031678,5,,,,8,2,2 bit (4色),密集N=4,4,0.3333333333333333,,1,2,0,0,0,1,true,0.06296296296296296,0.029282407407407406,0.2277
B,纯颜色型,web_locked,1.031678,5,,,,8,2,2 bit (4色),密集N=4,4,0.5,,1,2,0,0,0,1,true,0.06296296296296296,0.029282407407407406,0.2277
B,纯颜色型,web_locked,1.031678,5,,,,8,2,2 bit (4色),密集N=4,4,0.6666666666666666,,1,2,0,0,0,1,true,0.06296296296296296,0.029282407407407406,0.2277
B,纯颜色型,web_locked,1.031678,5,,,,8,2,2 bit (4色),密集N=4,4,1,,1,2,0,0,0,1,true,0.06296296296296296,0.029282407407407406,0.2277
B,纯颜色型,web_locked,1.031678,5,,,,8,3,3 bit (8色),无,0,0.3333333333333333,,1,3,0.5853333333333334,0.31022222222222223,1,0,false,0,0.046875,0.3645
B,纯颜色型,web_locked,1.031678,5,,,,8,3,3 bit (8色),无,0,0.5,,1,3,0.5896666666666667,0.3131111111111111,1,0,false,0,0.046875,0.3645
B,纯颜色型,web_locked,1.031678,5,,,,8,3,3 bit (8色),无,0,0.6666666666666666,,1,3,0.5946666666666667,0.3164444444444444,1,0,false,0,0.046875,0.3645
B,纯颜色型,web_locked,1.031678,5,,,,8,3,3 bit (8色),无,0,1,,1,3,0.6193333333333333,0.35388888888888886,1,0,false,0,0.046875,0.3645
B,纯颜色型,web_locked,1.031678,5,,,,8,3,3 bit (8色),四角,0,0.3333333333333333,,1,3,0,0,0,1,true,0,0.046875,0.3645
B,纯颜色型,web_locked,1.031678,5,,,,8,3,3 bit (8色),四角,0,0.5,,1,3,0,0,0,1,true,0,0.046875,0.3645
B,纯颜色型,web_locked,1.031678,5,,,,8,3,3 bit (8色),四角,0,0.6666666666666666,,1,3,0,0,0,1,true,0,0.046875,0.3645
B,纯颜色型,web_locked,1.031678,5,,,,8,3,3 bit (8色),四角,0,1,,1,3,0.026333333333333334,0.015333333333333332,0.5993083767129008,0,false,0,0.046875,0.3645
B,纯颜色型,web_locked,1.031678,5,,,,8,3,3 bit (8色),密集N=3,3,0.3333333333333333,,1,3,0,0,0,1,true,0.1111111111111111,0.041666666666666664,0.324
B,纯颜色型,web_locked,1.031678,5,,,,8,3,3 bit (8色),密集N=3,3,0.5,,1,3,0,0,0,1,true,0.1111111111111111,0.041666666666666664,0.324
B,纯颜色型,web_locked,1.031678,5,,,,8,3,3 bit (8色),密集N=3,3,0.6666666666666666,,1,3,0,0,0,1,true,0.1111111111111111,0.041666666666666664,0.324
B,纯颜色型,web_locked,1.031678,5,,,,8,3,3 bit (8色),密集N=3,3,1,,1,3,0.019333333333333334,0.011777777777777778,0.15454703890180627,0,false,0.1111111111111111,0.041666666666666664,0.324
B,纯颜色型,web_locked,1.031678,5,,,,8,3,3 bit (8色),密集N=4,4,0.3333333333333333,,1,3,0,0,0,1,true,0.06296296296296296,0.04392361111111111,0.34155
B,纯颜色型,web_locked,1.031678,5,,,,8,3,3 bit (8色),密集N=4,4,0.5,,1,3,0,0,0,1,true,0.06296296296296296,0.04392361111111111,0.34155
B,纯颜色型,web_locked,1.031678,5,,,,8,3,3 bit (8色),密集N=4,4,0.6666666666666666,,1,3,0,0,0,1,true,0.06296296296296296,0.04392361111111111,0.34155
B,纯颜色型,web_locked,1.031678,5,,,,8,3,3 bit (8色),密集N=4,4,1,,1,3,0.019333333333333334,0.011777777777777778,0.15454703890180627,0,false,0.06296296296296296,0.04392361111111111,0.34155
B,纯颜色型,web_locked,1.031678,5,,,,8,4,4 bit (16色),无,0,0.3333333333333333,,1,4,0.8126666666666666,0.35441666666666666,1,0,false,0,0.0625,0.486
B,纯颜色型,web_locked,1.031678,5,,,,8,4,4 bit (16色),无,0,0.5,,1,4,0.8126666666666666,0.3545833333333333,1,0,false,0,0.0625,0.486
B,纯颜色型,web_locked,1.031678,5,,,,8,4,4 bit (16色),无,0,0.6666666666666666,,1,4,0.8123333333333334,0.3555,1,0,false,0,0.0625,0.486
B,纯颜色型,web_locked,1.031678,5,,,,8,4,4 bit (16色),无,0,1,,1,4,0.8106666666666666,0.3655,1,0,false,0,0.0625,0.486
B,纯颜色型,web_locked,1.031678,5,,,,8,4,4 bit (16色),四角,0,0.3333333333333333,,1,4,0,0,0,1,true,0,0.0625,0.486
B,纯颜色型,web_locked,1.031678,5,,,,8,4,4 bit (16色),四角,0,0.5,,1,4,0,0,0,1,true,0,0.0625,0.486
B,纯颜色型,web_locked,1.031678,5,,,,8,4,4 bit (16色),四角,0,0.6666666666666666,,1,4,0.0003333333333333333,0.00008333333333333333,0,1,true,0,0.0625,0.486
B,纯颜色型,web_locked,1.031678,5,,,,8,4,4 bit (16色),四角,0,1,,1,4,0.19733333333333333,0.10358333333333333,1,0,false,0,0.0625,0.486
B,纯颜色型,web_locked,1.031678,5,,,,8,4,4 bit (16色),密集N=3,3,0.3333333333333333,,1,4,0,0,0,1,true,0.1111111111111111,0.05555555555555555,0.43199999999999994
B,纯颜色型,web_locked,1.031678,5,,,,8,4,4 bit (16色),密集N=3,3,0.5,,1,4,0,0,0,1,true,0.1111111111111111,0.05555555555555555,0.43199999999999994
B,纯颜色型,web_locked,1.031678,5,,,,8,4,4 bit (16色),密集N=3,3,0.6666666666666666,,1,4,0,0,0,1,true,0.1111111111111111,0.05555555555555555,0.43199999999999994
B,纯颜色型,web_locked,1.031678,5,,,,8,4,4 bit (16色),密集N=3,3,1,,1,4,0.17933333333333334,0.09333333333333334,1,0,false,0.1111111111111111,0.05555555555555555,0.43199999999999994
B,纯颜色型,web_locked,1.031678,5,,,,8,4,4 bit (16色),密集N=4,4,0.3333333333333333,,1,4,0,0,0,1,true,0.06296296296296296,0.05856481481481481,0.4554
B,纯颜色型,web_locked,1.031678,5,,,,8,4,4 bit (16色),密集N=4,4,0.5,,1,4,0,0,0,1,true,0.06296296296296296,0.05856481481481481,0.4554
B,纯颜色型,web_locked,1.031678,5,,,,8,4,4 bit (16色),密集N=4,4,0.6666666666666666,,1,4,0,0,0,1,true,0.06296296296296296,0.05856481481481481,0.4554
B,纯颜色型,web_locked,1.031678,5,,,,8,4,4 bit (16色),密集N=4,4,1,,1,4,0.17933333333333334,0.09333333333333334,1,0,false,0.06296296296296296,0.05856481481481481,0.4554
B,纯颜色型,web_locked,1.031678,5,,,,8,5,5 bit (32色),无,0,0.3333333333333333,,1,5,0.8946666666666667,0.3758,1,0,false,0,0.078125,0.6075
B,纯颜色型,web_locked,1.031678,5,,,,8,5,5 bit (32色),无,0,0.5,,1,5,0.8943333333333333,0.3752666666666667,1,0,false,0,0.078125,0.6075
B,纯颜色型,web_locked,1.031678,5,,,,8,5,5 bit (32色),无,0,0.6666666666666666,,1,5,0.891,0.37246666666666667,1,0,false,0,0.078125,0.6075
B,纯颜色型,web_locked,1.031678,5,,,,8,5,5 bit (32色),无,0,1,,1,5,0.8946666666666667,0.37166666666666665,1,0,false,0,0.078125,0.6075
B,纯颜色型,web_locked,1.031678,5,,,,8,5,5 bit (32色),四角,0,0.3333333333333333,,1,5,0.033666666666666664,0.012133333333333333,0.20918484767542678,0,false,0,0.078125,0.6075
B,纯颜色型,web_locked,1.031678,5,,,,8,5,5 bit (32色),四角,0,0.5,,1,5,0.033,0.012733333333333333,0.18624001310806615,0,false,0,0.078125,0.6075
B,纯颜色型,web_locked,1.031678,5,,,,8,5,5 bit (32色),四角,0,0.6666666666666666,,1,5,0.059666666666666666,0.0262,0.9441829378895703,0,false,0,0.078125,0.6075
B,纯颜色型,web_locked,1.031678,5,,,,8,5,5 bit (32色),四角,0,1,,1,5,0.43266666666666664,0.17733333333333334,1,0,false,0,0.078125,0.6075
B,纯颜色型,web_locked,1.031678,5,,,,8,5,5 bit (32色),密集N=3,3,0.3333333333333333,,1,5,0,0,0,1,true,0.1111111111111111,0.06944444444444445,0.54
B,纯颜色型,web_locked,1.031678,5,,,,8,5,5 bit (32色),密集N=3,3,0.5,,1,5,0,0,0,1,true,0.1111111111111111,0.06944444444444445,0.54
B,纯颜色型,web_locked,1.031678,5,,,,8,5,5 bit (32色),密集N=3,3,0.6666666666666666,,1,5,0.015333333333333332,0.007933333333333334,0.000015382343511893826,1,true,0.1111111111111111,0.06944444444444445,0.54
B,纯颜色型,web_locked,1.031678,5,,,,8,5,5 bit (32色),密集N=3,3,1,,1,5,0.3576666666666667,0.1488,1,0,false,0.1111111111111111,0.06944444444444445,0.54
B,纯颜色型,web_locked,1.031678,5,,,,8,5,5 bit (32色),密集N=4,4,0.3333333333333333,,1,5,0,0,0,1,true,0.06296296296296296,0.07320601851851852,0.56925
B,纯颜色型,web_locked,1.031678,5,,,,8,5,5 bit (32色),密集N=4,4,0.5,,1,5,0,0,0,1,true,0.06296296296296296,0.07320601851851852,0.56925
B,纯颜色型,web_locked,1.031678,5,,,,8,5,5 bit (32色),密集N=4,4,0.6666666666666666,,1,5,0.015333333333333332,0.007933333333333334,0.000015382343511893826,1,true,0.06296296296296296,0.07320601851851852,0.56925
B,纯颜色型,web_locked,1.031678,5,,,,8,5,5 bit (32色),密集N=4,4,1,,1,5,0.3576666666666667,0.149,1,0,false,0.06296296296296296,0.07320601851851852,0.56925
B,纯颜色型,web_locked,1.031678,5,,,,13,1,1 bit (2色),无,0,0.3333333333333333,,1,1,0.485,0.485,1,0,false,0,0.005917159763313609,0.04601183431952662
B,纯颜色型,web_locked,1.031678,5,,,,13,1,1 bit (2色),无,0,0.5,,1,1,0.49266666666666664,0.49266666666666664,1,0,false,0,0.005917159763313609,0.04601183431952662
B,纯颜色型,web_locked,1.031678,5,,,,13,1,1 bit (2色),无,0,0.6666666666666666,,1,1,0.49266666666666664,0.49266666666666664,1,0,false,0,0.005917159763313609,0.04601183431952662
B,纯颜色型,web_locked,1.031678,5,,,,13,1,1 bit (2色),无,0,1,,1,1,0.49266666666666664,0.49266666666666664,1,0,false,0,0.005917159763313609,0.04601183431952662
B,纯颜色型,web_locked,1.031678,5,,,,13,1,1 bit (2色),四角,0,0.3333333333333333,,1,1,0,0,0,1,true,0,0.005917159763313609,0.04601183431952662
B,纯颜色型,web_locked,1.031678,5,,,,13,1,1 bit (2色),四角,0,0.5,,1,1,0,0,0,1,true,0,0.005917159763313609,0.04601183431952662
B,纯颜色型,web_locked,1.031678,5,,,,13,1,1 bit (2色),四角,0,0.6666666666666666,,1,1,0,0,0,1,true,0,0.005917159763313609,0.04601183431952662
B,纯颜色型,web_locked,1.031678,5,,,,13,1,1 bit (2色),四角,0,1,,1,1,0,0,0,1,true,0,0.005917159763313609,0.04601183431952662
B,纯颜色型,web_locked,1.031678,5,,,,13,1,1 bit (2色),密集N=3,3,0.3333333333333333,,1,1,0,0,0,1,true,0.11244979919678715,0.005251776336113686,0.04083781278962002
B,纯颜色型,web_locked,1.031678,5,,,,13,1,1 bit (2色),密集N=3,3,0.5,,1,1,0,0,0,1,true,0.11244979919678715,0.005251776336113686,0.04083781278962002
B,纯颜色型,web_locked,1.031678,5,,,,13,1,1 bit (2色),密集N=3,3,0.6666666666666666,,1,1,0,0,0,1,true,0.11244979919678715,0.005251776336113686,0.04083781278962002
B,纯颜色型,web_locked,1.031678,5,,,,13,1,1 bit (2色),密集N=3,3,1,,1,1,0,0,0,1,true,0.11244979919678715,0.005251776336113686,0.04083781278962002
B,纯颜色型,web_locked,1.031678,5,,,,13,1,1 bit (2色),密集N=4,4,0.3333333333333333,,1,1,0,0,0,1,true,0.06368330464716007,0.0055403354754605914,0.04308164865718155
B,纯颜色型,web_locked,1.031678,5,,,,13,1,1 bit (2色),密集N=4,4,0.5,,1,1,0,0,0,1,true,0.06368330464716007,0.0055403354754605914,0.04308164865718155
B,纯颜色型,web_locked,1.031678,5,,,,13,1,1 bit (2色),密集N=4,4,0.6666666666666666,,1,1,0,0,0,1,true,0.06368330464716007,0.0055403354754605914,0.04308164865718155
B,纯颜色型,web_locked,1.031678,5,,,,13,1,1 bit (2色),密集N=4,4,1,,1,1,0,0,0,1,true,0.06368330464716007,0.0055403354754605914,0.04308164865718155
B,纯颜色型,web_locked,1.031678,5,,,,13,2,2 bit (4色),无,0,0.3333333333333333,,1,2,0.24233333333333335,0.21383333333333332,1,0,false,0,0.011834319526627219,0.09202366863905324
B,纯颜色型,web_locked,1.031678,5,,,,13,2,2 bit (4色),无,0,0.5,,1,2,0.247,0.21666666666666667,1,0,false,0,0.011834319526627219,0.09202366863905324
B,纯颜色型,web_locked,1.031678,5,,,,13,2,2 bit (4色),无,0,0.6666666666666666,,1,2,0.247,0.21666666666666667,1,0,false,0,0.011834319526627219,0.09202366863905324
B,纯颜色型,web_locked,1.031678,5,,,,13,2,2 bit (4色),无,0,1,,1,2,0.247,0.21866666666666668,1,0,false,0,0.011834319526627219,0.09202366863905324
B,纯颜色型,web_locked,1.031678,5,,,,13,2,2 bit (4色),四角,0,0.3333333333333333,,1,2,0,0,0,1,true,0,0.011834319526627219,0.09202366863905324
B,纯颜色型,web_locked,1.031678,5,,,,13,2,2 bit (4色),四角,0,0.5,,1,2,0,0,0,1,true,0,0.011834319526627219,0.09202366863905324
B,纯颜色型,web_locked,1.031678,5,,,,13,2,2 bit (4色),四角,0,0.6666666666666666,,1,2,0,0,0,1,true,0,0.011834319526627219,0.09202366863905324
B,纯颜色型,web_locked,1.031678,5,,,,13,2,2 bit (4色),四角,0,1,,1,2,0,0,0,1,true,0,0.011834319526627219,0.09202366863905324
B,纯颜色型,web_locked,1.031678,5,,,,13,2,2 bit (4色),密集N=3,3,0.3333333333333333,,1,2,0,0,0,1,true,0.11244979919678715,0.010503552672227372,0.08167562557924005
B,纯颜色型,web_locked,1.031678,5,,,,13,2,2 bit (4色),密集N=3,3,0.5,,1,2,0,0,0,1,true,0.11244979919678715,0.010503552672227372,0.08167562557924005
B,纯颜色型,web_locked,1.031678,5,,,,13,2,2 bit (4色),密集N=3,3,0.6666666666666666,,1,2,0,0,0,1,true,0.11244979919678715,0.010503552672227372,0.08167562557924005
B,纯颜色型,web_locked,1.031678,5,,,,13,2,2 bit (4色),密集N=3,3,1,,1,2,0,0,0,1,true,0.11244979919678715,0.010503552672227372,0.08167562557924005
B,纯颜色型,web_locked,1.031678,5,,,,13,2,2 bit (4色),密集N=4,4,0.3333333333333333,,1,2,0,0,0,1,true,0.06368330464716007,0.011080670950921183,0.0861632973143631
B,纯颜色型,web_locked,1.031678,5,,,,13,2,2 bit (4色),密集N=4,4,0.5,,1,2,0,0,0,1,true,0.06368330464716007,0.011080670950921183,0.0861632973143631
B,纯颜色型,web_locked,1.031678,5,,,,13,2,2 bit (4色),密集N=4,4,0.6666666666666666,,1,2,0,0,0,1,true,0.06368330464716007,0.011080670950921183,0.0861632973143631
B,纯颜色型,web_locked,1.031678,5,,,,13,2,2 bit (4色),密集N=4,4,1,,1,2,0,0,0,1,true,0.06368330464716007,0.011080670950921183,0.0861632973143631
B,纯颜色型,web_locked,1.031678,5,,,,13,3,3 bit (8色),无,0,0.3333333333333333,,1,3,0.57,0.29655555555555557,1,0,false,0,0.01775147928994083,0.1380355029585799
B,纯颜色型,web_locked,1.031678,5,,,,13,3,3 bit (8色),无,0,0.5,,1,3,0.5846666666666667,0.30977777777777776,1,0,false,0,0.01775147928994083,0.1380355029585799
B,纯颜色型,web_locked,1.031678,5,,,,13,3,3 bit (8色),无,0,0.6666666666666666,,1,3,0.5856666666666667,0.31044444444444447,1,0,false,0,0.01775147928994083,0.1380355029585799
B,纯颜色型,web_locked,1.031678,5,,,,13,3,3 bit (8色),无,0,1,,1,3,0.6076666666666667,0.33411111111111114,1,0,false,0,0.01775147928994083,0.1380355029585799
B,纯颜色型,web_locked,1.031678,5,,,,13,3,3 bit (8色),四角,0,0.3333333333333333,,1,3,0,0,0,1,true,0,0.01775147928994083,0.1380355029585799
B,纯颜色型,web_locked,1.031678,5,,,,13,3,3 bit (8色),四角,0,0.5,,1,3,0,0,0,1,true,0,0.01775147928994083,0.1380355029585799
B,纯颜色型,web_locked,1.031678,5,,,,13,3,3 bit (8色),四角,0,0.6666666666666666,,1,3,0,0,0,1,true,0,0.01775147928994083,0.1380355029585799
B,纯颜色型,web_locked,1.031678,5,,,,13,3,3 bit (8色),四角,0,1,,1,3,0.0003333333333333333,0.00011111111111111112,0,1,true,0,0.01775147928994083,0.1380355029585799
B,纯颜色型,web_locked,1.031678,5,,,,13,3,3 bit (8色),密集N=3,3,0.3333333333333333,,1,3,0,0,0,1,true,0.11244979919678715,0.01575532900834106,0.12251343836886008
B,纯颜色型,web_locked,1.031678,5,,,,13,3,3 bit (8色),密集N=3,3,0.5,,1,3,0,0,0,1,true,0.11244979919678715,0.01575532900834106,0.12251343836886008
B,纯颜色型,web_locked,1.031678,5,,,,13,3,3 bit (8色),密集N=3,3,0.6666666666666666,,1,3,0,0,0,1,true,0.11244979919678715,0.01575532900834106,0.12251343836886008
B,纯颜色型,web_locked,1.031678,5,,,,13,3,3 bit (8色),密集N=3,3,1,,1,3,0,0,0,1,true,0.11244979919678715,0.01575532900834106,0.12251343836886008
B,纯颜色型,web_locked,1.031678,5,,,,13,3,3 bit (8色),密集N=4,4,0.3333333333333333,,1,3,0,0,0,1,true,0.06368330464716007,0.016621006426381774,0.12924494597154468
B,纯颜色型,web_locked,1.031678,5,,,,13,3,3 bit (8色),密集N=4,4,0.5,,1,3,0,0,0,1,true,0.06368330464716007,0.016621006426381774,0.12924494597154468
B,纯颜色型,web_locked,1.031678,5,,,,13,3,3 bit (8色),密集N=4,4,0.6666666666666666,,1,3,0,0,0,1,true,0.06368330464716007,0.016621006426381774,0.12924494597154468
B,纯颜色型,web_locked,1.031678,5,,,,13,3,3 bit (8色),密集N=4,4,1,,1,3,0,0,0,1,true,0.06368330464716007,0.016621006426381774,0.12924494597154468
B,纯颜色型,web_locked,1.031678,5,,,,13,4,4 bit (16色),无,0,0.3333333333333333,,1,4,0.8116666666666666,0.34741666666666665,1,0,false,0,0.023668639053254437,0.1840473372781065
B,纯颜色型,web_locked,1.031678,5,,,,13,4,4 bit (16色),无,0,0.5,,1,4,0.8126666666666666,0.35408333333333336,1,0,false,0,0.023668639053254437,0.1840473372781065
B,纯颜色型,web_locked,1.031678,5,,,,13,4,4 bit (16色),无,0,0.6666666666666666,,1,4,0.8126666666666666,0.35433333333333333,1,0,false,0,0.023668639053254437,0.1840473372781065
B,纯颜色型,web_locked,1.031678,5,,,,13,4,4 bit (16色),无,0,1,,1,4,0.811,0.3611666666666667,1,0,false,0,0.023668639053254437,0.1840473372781065
B,纯颜色型,web_locked,1.031678,5,,,,13,4,4 bit (16色),四角,0,0.3333333333333333,,1,4,0,0,0,1,true,0,0.023668639053254437,0.1840473372781065
B,纯颜色型,web_locked,1.031678,5,,,,13,4,4 bit (16色),四角,0,0.5,,1,4,0,0,0,1,true,0,0.023668639053254437,0.1840473372781065
B,纯颜色型,web_locked,1.031678,5,,,,13,4,4 bit (16色),四角,0,0.6666666666666666,,1,4,0,0,0,1,true,0,0.023668639053254437,0.1840473372781065
B,纯颜色型,web_locked,1.031678,5,,,,13,4,4 bit (16色),四角,0,1,,1,4,0.10533333333333333,0.05525,0.9999999643789361,0,false,0,0.023668639053254437,0.1840473372781065
B,纯颜色型,web_locked,1.031678,5,,,,13,4,4 bit (16色),密集N=3,3,0.3333333333333333,,1,4,0,0,0,1,true,0.11244979919678715,0.021007105344454744,0.1633512511584801
B,纯颜色型,web_locked,1.031678,5,,,,13,4,4 bit (16色),密集N=3,3,0.5,,1,4,0,0,0,1,true,0.11244979919678715,0.021007105344454744,0.1633512511584801
B,纯颜色型,web_locked,1.031678,5,,,,13,4,4 bit (16色),密集N=3,3,0.6666666666666666,,1,4,0,0,0,1,true,0.11244979919678715,0.021007105344454744,0.1633512511584801
B,纯颜色型,web_locked,1.031678,5,,,,13,4,4 bit (16色),密集N=3,3,1,,1,4,0.09933333333333333,0.05275,0.9999997938944729,0,false,0.11244979919678715,0.021007105344454744,0.1633512511584801
B,纯颜色型,web_locked,1.031678,5,,,,13,4,4 bit (16色),密集N=4,4,0.3333333333333333,,1,4,0,0,0,1,true,0.06368330464716007,0.022161341901842366,0.1723265946287262
B,纯颜色型,web_locked,1.031678,5,,,,13,4,4 bit (16色),密集N=4,4,0.5,,1,4,0,0,0,1,true,0.06368330464716007,0.022161341901842366,0.1723265946287262
B,纯颜色型,web_locked,1.031678,5,,,,13,4,4 bit (16色),密集N=4,4,0.6666666666666666,,1,4,0,0,0,1,true,0.06368330464716007,0.022161341901842366,0.1723265946287262
B,纯颜色型,web_locked,1.031678,5,,,,13,4,4 bit (16色),密集N=4,4,1,,1,4,0.099,0.052583333333333336,0.9999997731160096,0,false,0.06368330464716007,0.022161341901842366,0.1723265946287262
B,纯颜色型,web_locked,1.031678,5,,,,13,5,5 bit (32色),无,0,0.3333333333333333,,1,5,0.9013333333333333,0.3711333333333333,1,0,false,0,0.029585798816568046,0.23005917159763314
B,纯颜色型,web_locked,1.031678,5,,,,13,5,5 bit (32色),无,0,0.5,,1,5,0.895,0.3758666666666667,1,0,false,0,0.029585798816568046,0.23005917159763314
B,纯颜色型,web_locked,1.031678,5,,,,13,5,5 bit (32色),无,0,0.6666666666666666,,1,5,0.895,0.37593333333333334,1,0,false,0,0.029585798816568046,0.23005917159763314
B,纯颜色型,web_locked,1.031678,5,,,,13,5,5 bit (32色),无,0,1,,1,5,0.8896666666666667,0.3706,1,0,false,0,0.029585798816568046,0.23005917159763314
B,纯颜色型,web_locked,1.031678,5,,,,13,5,5 bit (32色),四角,0,0.3333333333333333,,1,5,0.031,0.0118,0.12503215523481137,0,false,0,0.029585798816568046,0.23005917159763314
B,纯颜色型,web_locked,1.031678,5,,,,13,5,5 bit (32色),四角,0,0.5,,1,5,0.03333333333333333,0.0112,0.19756905228395566,0,false,0,0.029585798816568046,0.23005917159763314
B,纯颜色型,web_locked,1.031678,5,,,,13,5,5 bit (32色),四角,0,0.6666666666666666,,1,5,0.033,0.011466666666666667,0.18624001310806615,0,false,0,0.029585798816568046,0.23005917159763314
B,纯颜色型,web_locked,1.031678,5,,,,13,5,5 bit (32色),四角,0,1,,1,5,0.304,0.1248,1,0,false,0,0.029585798816568046,0.23005917159763314
B,纯颜色型,web_locked,1.031678,5,,,,13,5,5 bit (32色),密集N=3,3,0.3333333333333333,,1,5,0,0,0,1,true,0.11244979919678715,0.02625888168056843,0.20418906394810007
B,纯颜色型,web_locked,1.031678,5,,,,13,5,5 bit (32色),密集N=3,3,0.5,,1,5,0,0,0,1,true,0.11244979919678715,0.02625888168056843,0.20418906394810007
B,纯颜色型,web_locked,1.031678,5,,,,13,5,5 bit (32色),密集N=3,3,0.6666666666666666,,1,5,0,0,0,1,true,0.11244979919678715,0.02625888168056843,0.20418906394810007
B,纯颜色型,web_locked,1.031678,5,,,,13,5,5 bit (32色),密集N=3,3,1,,1,5,0.223,0.0916,1,0,false,0.11244979919678715,0.02625888168056843,0.20418906394810007
B,纯颜色型,web_locked,1.031678,5,,,,13,5,5 bit (32色),密集N=4,4,0.3333333333333333,,1,5,0,0,0,1,true,0.06368330464716007,0.027701677377302957,0.21540824328590782
B,纯颜色型,web_locked,1.031678,5,,,,13,5,5 bit (32色),密集N=4,4,0.5,,1,5,0,0,0,1,true,0.06368330464716007,0.027701677377302957,0.21540824328590782
B,纯颜色型,web_locked,1.031678,5,,,,13,5,5 bit (32色),密集N=4,4,0.6666666666666666,,1,5,0,0,0,1,true,0.06368330464716007,0.027701677377302957,0.21540824328590782
B,纯颜色型,web_locked,1.031678,5,,,,13,5,5 bit (32色),密集N=4,4,1,,1,5,0.22366666666666668,0.09186666666666667,1,0,false,0.06368330464716007,0.027701677377302957,0.21540824328590782
B,纯颜色型,web_auto,2.777352,13,,,,3,1,1 bit (2色),无,0,0.3333333333333333,,1,1,0.5146666666666667,0.5146666666666667,1,0,false,0,0.1111111111111111,0.8639999999999999
B,纯颜色型,web_auto,2.777352,13,,,,3,1,1 bit (2色),无,0,0.5,,1,1,0.5146666666666667,0.5146666666666667,1,0,false,0,0.1111111111111111,0.8639999999999999
B,纯颜色型,web_auto,2.777352,13,,,,3,1,1 bit (2色),无,0,0.6666666666666666,,1,1,0.5146666666666667,0.5146666666666667,1,0,false,0,0.1111111111111111,0.8639999999999999
B,纯颜色型,web_auto,2.777352,13,,,,3,1,1 bit (2色),无,0,1,,1,1,0.5146666666666667,0.5146666666666667,1,0,false,0,0.1111111111111111,0.8639999999999999
B,纯颜色型,web_auto,2.777352,13,,,,3,1,1 bit (2色),四角,0,0.3333333333333333,,1,1,0.44133333333333336,0.44133333333333336,1,0,false,0,0.1111111111111111,0.8639999999999999
B,纯颜色型,web_auto,2.777352,13,,,,3,1,1 bit (2色),四角,0,0.5,,1,1,0.44633333333333336,0.44633333333333336,1,0,false,0,0.1111111111111111,0.8639999999999999
B,纯颜色型,web_auto,2.777352,13,,,,3,1,1 bit (2色),四角,0,0.6666666666666666,,1,1,0.4493333333333333,0.4493333333333333,1,0,false,0,0.1111111111111111,0.8639999999999999
B,纯颜色型,web_auto,2.777352,13,,,,3,1,1 bit (2色),四角,0,1,,1,1,0.454,0.454,1,0,false,0,0.1111111111111111,0.8639999999999999
B,纯颜色型,web_auto,2.777352,13,,,,3,1,1 bit (2色),密集N=3,3,0.3333333333333333,,1,1,0.44333333333333336,0.44333333333333336,1,0,false,0.11145833333333334,0.09872685185185186,0.7677000000000002
B,纯颜色型,web_auto,2.777352,13,,,,3,1,1 bit (2色),密集N=3,3,0.5,,1,1,0.449,0.449,1,0,false,0.11145833333333334,0.09872685185185186,0.7677000000000002
B,纯颜色型,web_auto,2.777352,13,,,,3,1,1 bit (2色),密集N=3,3,0.6666666666666666,,1,1,0.4533333333333333,0.4533333333333333,1,0,false,0.11145833333333334,0.09872685185185186,0.7677000000000002
B,纯颜色型,web_auto,2.777352,13,,,,3,1,1 bit (2色),密集N=3,3,1,,1,1,0.459,0.459,1,0,false,0.11145833333333334,0.09872685185185186,0.7677000000000002
B,纯颜色型,web_auto,2.777352,13,,,,3,1,1 bit (2色),密集N=4,4,0.3333333333333333,,1,1,0.44333333333333336,0.44333333333333336,1,0,false,0.0625,0.10416666666666667,0.81
B,纯颜色型,web_auto,2.777352,13,,,,3,1,1 bit (2色),密集N=4,4,0.5,,1,1,0.449,0.449,1,0,false,0.0625,0.10416666666666667,0.81
B,纯颜色型,web_auto,2.777352,13,,,,3,1,1 bit (2色),密集N=4,4,0.6666666666666666,,1,1,0.4533333333333333,0.4533333333333333,1,0,false,0.0625,0.10416666666666667,0.81
B,纯颜色型,web_auto,2.777352,13,,,,3,1,1 bit (2色),密集N=4,4,1,,1,1,0.459,0.459,1,0,false,0.0625,0.10416666666666667,0.81
B,纯颜色型,web_auto,2.777352,13,,,,3,2,2 bit (4色),无,0,0.3333333333333333,,1,2,0.6236666666666667,0.42733333333333334,1,0,false,0,0.2222222222222222,1.7279999999999998
B,纯颜色型,web_auto,2.777352,13,,,,3,2,2 bit (4色),无,0,0.5,,1,2,0.6213333333333333,0.42733333333333334,1,0,false,0,0.2222222222222222,1.7279999999999998
B,纯颜色型,web_auto,2.777352,13,,,,3,2,2 bit (4色),无,0,0.6666666666666666,,1,2,0.6263333333333333,0.43016666666666664,1,0,false,0,0.2222222222222222,1.7279999999999998
B,纯颜色型,web_auto,2.777352,13,,,,3,2,2 bit (4色),无,0,1,,1,2,0.6363333333333333,0.43466666666666665,1,0,false,0,0.2222222222222222,1.7279999999999998
B,纯颜色型,web_auto,2.777352,13,,,,3,2,2 bit (4色),四角,0,0.3333333333333333,,1,2,0.6933333333333334,0.463,1,0,false,0,0.2222222222222222,1.7279999999999998
B,纯颜色型,web_auto,2.777352,13,,,,3,2,2 bit (4色),四角,0,0.5,,1,2,0.705,0.4701666666666667,1,0,false,0,0.2222222222222222,1.7279999999999998
B,纯颜色型,web_auto,2.777352,13,,,,3,2,2 bit (4色),四角,0,0.6666666666666666,,1,2,0.71,0.4728333333333333,1,0,false,0,0.2222222222222222,1.7279999999999998
B,纯颜色型,web_auto,2.777352,13,,,,3,2,2 bit (4色),四角,0,1,,1,2,0.7163333333333334,0.476,1,0,false,0,0.2222222222222222,1.7279999999999998
B,纯颜色型,web_auto,2.777352,13,,,,3,2,2 bit (4色),密集N=3,3,0.3333333333333333,,1,2,0.6916666666666667,0.4613333333333333,1,0,false,0.11145833333333334,0.19745370370370371,1.5354000000000003
B,纯颜色型,web_auto,2.777352,13,,,,3,2,2 bit (4色),密集N=3,3,0.5,,1,2,0.7123333333333334,0.4741666666666667,1,0,false,0.11145833333333334,0.19745370370370371,1.5354000000000003
B,纯颜色型,web_auto,2.777352,13,,,,3,2,2 bit (4色),密集N=3,3,0.6666666666666666,,1,2,0.7163333333333334,0.47483333333333333,1,0,false,0.11145833333333334,0.19745370370370371,1.5354000000000003
B,纯颜色型,web_auto,2.777352,13,,,,3,2,2 bit (4色),密集N=3,3,1,,1,2,0.7246666666666667,0.48,1,0,false,0.11145833333333334,0.19745370370370371,1.5354000000000003
B,纯颜色型,web_auto,2.777352,13,,,,3,2,2 bit (4色),密集N=4,4,0.3333333333333333,,1,2,0.6916666666666667,0.4613333333333333,1,0,false,0.0625,0.20833333333333334,1.62
B,纯颜色型,web_auto,2.777352,13,,,,3,2,2 bit (4色),密集N=4,4,0.5,,1,2,0.7123333333333334,0.4741666666666667,1,0,false,0.0625,0.20833333333333334,1.62
B,纯颜色型,web_auto,2.777352,13,,,,3,2,2 bit (4色),密集N=4,4,0.6666666666666666,,1,2,0.7163333333333334,0.47483333333333333,1,0,false,0.0625,0.20833333333333334,1.62
B,纯颜色型,web_auto,2.777352,13,,,,3,2,2 bit (4色),密集N=4,4,1,,1,2,0.7246666666666667,0.48,1,0,false,0.0625,0.20833333333333334,1.62
B,纯颜色型,web_auto,2.777352,13,,,,3,3,3 bit (8色),无,0,0.3333333333333333,,1,3,0.823,0.46355555555555555,1,0,false,0,0.3333333333333333,2.592
B,纯颜色型,web_auto,2.777352,13,,,,3,3,3 bit (8色),无,0,0.5,,1,3,0.8273333333333334,0.46644444444444444,1,0,false,0,0.3333333333333333,2.592
B,纯颜色型,web_auto,2.777352,13,,,,3,3,3 bit (8色),无,0,0.6666666666666666,,1,3,0.8296666666666667,0.4682222222222222,1,0,false,0,0.3333333333333333,2.592
B,纯颜色型,web_auto,2.777352,13,,,,3,3,3 bit (8色),无,0,1,,1,3,0.8343333333333334,0.472,1,0,false,0,0.3333333333333333,2.592
B,纯颜色型,web_auto,2.777352,13,,,,3,3,3 bit (8色),四角,0,0.3333333333333333,,1,3,0.7676666666666667,0.439,1,0,false,0,0.3333333333333333,2.592
B,纯颜色型,web_auto,2.777352,13,,,,3,3,3 bit (8色),四角,0,0.5,,1,3,0.7573333333333333,0.43555555555555553,1,0,false,0,0.3333333333333333,2.592
B,纯颜色型,web_auto,2.777352,13,,,,3,3,3 bit (8色),四角,0,0.6666666666666666,,1,3,0.7563333333333333,0.4361111111111111,1,0,false,0,0.3333333333333333,2.592
B,纯颜色型,web_auto,2.777352,13,,,,3,3,3 bit (8色),四角,0,1,,1,3,0.7633333333333333,0.43922222222222224,1,0,false,0,0.3333333333333333,2.592
B,纯颜色型,web_auto,2.777352,13,,,,3,3,3 bit (8色),密集N=3,3,0.3333333333333333,,1,3,0.769,0.4431111111111111,1,0,false,0.11145833333333334,0.29618055555555556,2.3031
B,纯颜色型,web_auto,2.777352,13,,,,3,3,3 bit (8色),密集N=3,3,0.5,,1,3,0.76,0.43733333333333335,1,0,false,0.11145833333333334,0.29618055555555556,2.3031
B,纯颜色型,web_auto,2.777352,13,,,,3,3,3 bit (8色),密集N=3,3,0.6666666666666666,,1,3,0.7576666666666667,0.43822222222222224,1,0,false,0.11145833333333334,0.29618055555555556,2.3031
B,纯颜色型,web_auto,2.777352,13,,,,3,3,3 bit (8色),密集N=3,3,1,,1,3,0.761,0.4398888888888889,1,0,false,0.11145833333333334,0.29618055555555556,2.3031
B,纯颜色型,web_auto,2.777352,13,,,,3,3,3 bit (8色),密集N=4,4,0.3333333333333333,,1,3,0.7686666666666667,0.44277777777777777,1,0,false,0.0625,0.3125,2.43
B,纯颜色型,web_auto,2.777352,13,,,,3,3,3 bit (8色),密集N=4,4,0.5,,1,3,0.76,0.43733333333333335,1,0,false,0.0625,0.3125,2.43
B,纯颜色型,web_auto,2.777352,13,,,,3,3,3 bit (8色),密集N=4,4,0.6666666666666666,,1,3,0.7576666666666667,0.43822222222222224,1,0,false,0.0625,0.3125,2.43
B,纯颜色型,web_auto,2.777352,13,,,,3,3,3 bit (8色),密集N=4,4,1,,1,3,0.7616666666666667,0.44022222222222224,1,0,false,0.0625,0.3125,2.43
B,纯颜色型,web_auto,2.777352,13,,,,3,4,4 bit (16色),无,0,0.3333333333333333,,1,4,0.908,0.46291666666666664,1,0,false,0,0.4444444444444444,3.4559999999999995
B,纯颜色型,web_auto,2.777352,13,,,,3,4,4 bit (16色),无,0,0.5,,1,4,0.9053333333333333,0.46116666666666667,1,0,false,0,0.4444444444444444,3.4559999999999995
B,纯颜色型,web_auto,2.777352,13,,,,3,4,4 bit (16色),无,0,0.6666666666666666,,1,4,0.9063333333333333,0.4605,1,0,false,0,0.4444444444444444,3.4559999999999995
B,纯颜色型,web_auto,2.777352,13,,,,3,4,4 bit (16色),无,0,1,,1,4,0.908,0.46225,1,0,false,0,0.4444444444444444,3.4559999999999995
B,纯颜色型,web_auto,2.777352,13,,,,3,4,4 bit (16色),四角,0,0.3333333333333333,,1,4,0.8736666666666667,0.4648333333333333,1,0,false,0,0.4444444444444444,3.4559999999999995
B,纯颜色型,web_auto,2.777352,13,,,,3,4,4 bit (16色),四角,0,0.5,,1,4,0.8663333333333333,0.462,1,0,false,0,0.4444444444444444,3.4559999999999995
B,纯颜色型,web_auto,2.777352,13,,,,3,4,4 bit (16色),四角,0,0.6666666666666666,,1,4,0.868,0.4638333333333333,1,0,false,0,0.4444444444444444,3.4559999999999995
B,纯颜色型,web_auto,2.777352,13,,,,3,4,4 bit (16色),四角,0,1,,1,4,0.8703333333333333,0.4646666666666667,1,0,false,0,0.4444444444444444,3.4559999999999995
B,纯颜色型,web_auto,2.777352,13,,,,3,4,4 bit (16色),密集N=3,3,0.3333333333333333,,1,4,0.8753333333333333,0.46775,1,0,false,0.11145833333333334,0.39490740740740743,3.0708000000000006
B,纯颜色型,web_auto,2.777352,13,,,,3,4,4 bit (16色),密集N=3,3,0.5,,1,4,0.8696666666666667,0.4663333333333333,1,0,false,0.11145833333333334,0.39490740740740743,3.0708000000000006
B,纯颜色型,web_auto,2.777352,13,,,,3,4,4 bit (16色),密集N=3,3,0.6666666666666666,,1,4,0.8706666666666667,0.46558333333333335,1,0,false,0.11145833333333334,0.39490740740740743,3.0708000000000006
B,纯颜色型,web_auto,2.777352,13,,,,3,4,4 bit (16色),密集N=3,3,1,,1,4,0.871,0.4663333333333333,1,0,false,0.11145833333333334,0.39490740740740743,3.0708000000000006
B,纯颜色型,web_auto,2.777352,13,,,,3,4,4 bit (16色),密集N=4,4,0.3333333333333333,,1,4,0.8753333333333333,0.46775,1,0,false,0.0625,0.4166666666666667,3.24
B,纯颜色型,web_auto,2.777352,13,,,,3,4,4 bit (16色),密集N=4,4,0.5,,1,4,0.8696666666666667,0.4663333333333333,1,0,false,0.0625,0.4166666666666667,3.24
B,纯颜色型,web_auto,2.777352,13,,,,3,4,4 bit (16色),密集N=4,4,0.6666666666666666,,1,4,0.8706666666666667,0.46558333333333335,1,0,false,0.0625,0.4166666666666667,3.24
B,纯颜色型,web_auto,2.777352,13,,,,3,4,4 bit (16色),密集N=4,4,1,,1,4,0.871,0.4663333333333333,1,0,false,0.0625,0.4166666666666667,3.24
B,纯颜色型,web_auto,2.777352,13,,,,3,5,5 bit (32色),无,0,0.3333333333333333,,1,5,0.9533333333333334,0.4772,1,0,false,0,0.5555555555555556,4.32
B,纯颜色型,web_auto,2.777352,13,,,,3,5,5 bit (32色),无,0,0.5,,1,5,0.9523333333333334,0.47673333333333334,1,0,false,0,0.5555555555555556,4.32
B,纯颜色型,web_auto,2.777352,13,,,,3,5,5 bit (32色),无,0,0.6666666666666666,,1,5,0.953,0.4768,1,0,false,0,0.5555555555555556,4.32
B,纯颜色型,web_auto,2.777352,13,,,,3,5,5 bit (32色),无,0,1,,1,5,0.9533333333333334,0.47633333333333333,1,0,false,0,0.5555555555555556,4.32
B,纯颜色型,web_auto,2.777352,13,,,,3,5,5 bit (32色),四角,0,0.3333333333333333,,1,5,0.9423333333333334,0.475,1,0,false,0,0.5555555555555556,4.32
B,纯颜色型,web_auto,2.777352,13,,,,3,5,5 bit (32色),四角,0,0.5,,1,5,0.9416666666666667,0.4716666666666667,1,0,false,0,0.5555555555555556,4.32
B,纯颜色型,web_auto,2.777352,13,,,,3,5,5 bit (32色),四角,0,0.6666666666666666,,1,5,0.9403333333333334,0.47226666666666667,1,0,false,0,0.5555555555555556,4.32
B,纯颜色型,web_auto,2.777352,13,,,,3,5,5 bit (32色),四角,0,1,,1,5,0.9406666666666667,0.4726,1,0,false,0,0.5555555555555556,4.32
B,纯颜色型,web_auto,2.777352,13,,,,3,5,5 bit (32色),密集N=3,3,0.3333333333333333,,1,5,0.9413333333333334,0.4723333333333333,1,0,false,0.11145833333333334,0.49363425925925924,3.8384999999999994
B,纯颜色型,web_auto,2.777352,13,,,,3,5,5 bit (32色),密集N=3,3,0.5,,1,5,0.94,0.46953333333333336,1,0,false,0.11145833333333334,0.49363425925925924,3.8384999999999994
B,纯颜色型,web_auto,2.777352,13,,,,3,5,5 bit (32色),密集N=3,3,0.6666666666666666,,1,5,0.9373333333333334,0.4684,1,0,false,0.11145833333333334,0.49363425925925924,3.8384999999999994
B,纯颜色型,web_auto,2.777352,13,,,,3,5,5 bit (32色),密集N=3,3,1,,1,5,0.9376666666666666,0.4694,1,0,false,0.11145833333333334,0.49363425925925924,3.8384999999999994
B,纯颜色型,web_auto,2.777352,13,,,,3,5,5 bit (32色),密集N=4,4,0.3333333333333333,,1,5,0.9413333333333334,0.47246666666666665,1,0,false,0.0625,0.5208333333333334,4.050000000000001
B,纯颜色型,web_auto,2.777352,13,,,,3,5,5 bit (32色),密集N=4,4,0.5,,1,5,0.94,0.4696,1,0,false,0.0625,0.5208333333333334,4.050000000000001
B,纯颜色型,web_auto,2.777352,13,,,,3,5,5 bit (32色),密集N=4,4,0.6666666666666666,,1,5,0.9373333333333334,0.46813333333333335,1,0,false,0.0625,0.5208333333333334,4.050000000000001
B,纯颜色型,web_auto,2.777352,13,,,,3,5,5 bit (32色),密集N=4,4,1,,1,5,0.9376666666666666,0.46953333333333336,1,0,false,0.0625,0.5208333333333334,4.050000000000001
B,纯颜色型,web_auto,2.777352,13,,,,5,1,1 bit (2色),无,0,0.3333333333333333,,1,1,0.49433333333333335,0.49433333333333335,1,0,false,0,0.04,0.31104
B,纯颜色型,web_auto,2.777352,13,,,,5,1,1 bit (2色),无,0,0.5,,1,1,0.49433333333333335,0.49433333333333335,1,0,false,0,0.04,0.31104
B,纯颜色型,web_auto,2.777352,13,,,,5,1,1 bit (2色),无,0,0.6666666666666666,,1,1,0.49433333333333335,0.49433333333333335,1,0,false,0,0.04,0.31104
B,纯颜色型,web_auto,2.777352,13,,,,5,1,1 bit (2色),无,0,1,,1,1,0.49433333333333335,0.49433333333333335,1,0,false,0,0.04,0.31104
B,纯颜色型,web_auto,2.777352,13,,,,5,1,1 bit (2色),四角,0,0.3333333333333333,,1,1,0.366,0.366,1,0,false,0,0.04,0.31104
B,纯颜色型,web_auto,2.777352,13,,,,5,1,1 bit (2色),四角,0,0.5,,1,1,0.37233333333333335,0.37233333333333335,1,0,false,0,0.04,0.31104
B,纯颜色型,web_auto,2.777352,13,,,,5,1,1 bit (2色),四角,0,0.6666666666666666,,1,1,0.37933333333333336,0.37933333333333336,1,0,false,0,0.04,0.31104
B,纯颜色型,web_auto,2.777352,13,,,,5,1,1 bit (2色),四角,0,1,,1,1,0.39966666666666667,0.39966666666666667,1,0,false,0,0.04,0.31104
B,纯颜色型,web_auto,2.777352,13,,,,5,1,1 bit (2色),密集N=3,3,0.3333333333333333,,1,1,0.369,0.369,1,0,false,0.1111111111111111,0.035555555555555556,0.27648
B,纯颜色型,web_auto,2.777352,13,,,,5,1,1 bit (2色),密集N=3,3,0.5,,1,1,0.37366666666666665,0.37366666666666665,1,0,false,0.1111111111111111,0.035555555555555556,0.27648
B,纯颜色型,web_auto,2.777352,13,,,,5,1,1 bit (2色),密集N=3,3,0.6666666666666666,,1,1,0.38333333333333336,0.38333333333333336,1,0,false,0.1111111111111111,0.035555555555555556,0.27648
B,纯颜色型,web_auto,2.777352,13,,,,5,1,1 bit (2色),密集N=3,3,1,,1,1,0.39566666666666667,0.39566666666666667,1,0,false,0.1111111111111111,0.035555555555555556,0.27648
B,纯颜色型,web_auto,2.777352,13,,,,5,1,1 bit (2色),密集N=4,4,0.3333333333333333,,1,1,0.369,0.369,1,0,false,0.0625,0.0375,0.2916
B,纯颜色型,web_auto,2.777352,13,,,,5,1,1 bit (2色),密集N=4,4,0.5,,1,1,0.37366666666666665,0.37366666666666665,1,0,false,0.0625,0.0375,0.2916
B,纯颜色型,web_auto,2.777352,13,,,,5,1,1 bit (2色),密集N=4,4,0.6666666666666666,,1,1,0.38333333333333336,0.38333333333333336,1,0,false,0.0625,0.0375,0.2916
B,纯颜色型,web_auto,2.777352,13,,,,5,1,1 bit (2色),密集N=4,4,1,,1,1,0.39566666666666667,0.39566666666666667,1,0,false,0.0625,0.0375,0.2916
B,纯颜色型,web_auto,2.777352,13,,,,5,2,2 bit (4色),无,0,0.3333333333333333,,1,2,0.427,0.30633333333333335,1,0,false,0,0.08,0.62208
B,纯颜色型,web_auto,2.777352,13,,,,5,2,2 bit (4色),无,0,0.5,,1,2,0.43133333333333335,0.31166666666666665,1,0,false,0,0.08,0.62208
B,纯颜色型,web_auto,2.777352,13,,,,5,2,2 bit (4色),无,0,0.6666666666666666,,1,2,0.443,0.31983333333333336,1,0,false,0,0.08,0.62208
B,纯颜色型,web_auto,2.777352,13,,,,5,2,2 bit (4色),无,0,1,,1,2,0.4786666666666667,0.3421666666666667,1,0,false,0,0.08,0.62208
B,纯颜色型,web_auto,2.777352,13,,,,5,2,2 bit (4色),四角,0,0.3333333333333333,,1,2,0.551,0.37,1,0,false,0,0.08,0.62208
B,纯颜色型,web_auto,2.777352,13,,,,5,2,2 bit (4色),四角,0,0.5,,1,2,0.5673333333333334,0.38133333333333336,1,0,false,0,0.08,0.62208
B,纯颜色型,web_auto,2.777352,13,,,,5,2,2 bit (4色),四角,0,0.6666666666666666,,1,2,0.5863333333333334,0.39416666666666667,1,0,false,0,0.08,0.62208
B,纯颜色型,web_auto,2.777352,13,,,,5,2,2 bit (4色),四角,0,1,,1,2,0.6203333333333333,0.41583333333333333,1,0,false,0,0.08,0.62208
B,纯颜色型,web_auto,2.777352,13,,,,5,2,2 bit (4色),密集N=3,3,0.3333333333333333,,1,2,0.5583333333333333,0.37516666666666665,1,0,false,0.1111111111111111,0.07111111111111111,0.55296
B,纯颜色型,web_auto,2.777352,13,,,,5,2,2 bit (4色),密集N=3,3,0.5,,1,2,0.5783333333333334,0.3883333333333333,1,0,false,0.1111111111111111,0.07111111111111111,0.55296
B,纯颜色型,web_auto,2.777352,13,,,,5,2,2 bit (4色),密集N=3,3,0.6666666666666666,,1,2,0.5983333333333334,0.4013333333333333,1,0,false,0.1111111111111111,0.07111111111111111,0.55296
B,纯颜色型,web_auto,2.777352,13,,,,5,2,2 bit (4色),密集N=3,3,1,,1,2,0.6343333333333333,0.4241666666666667,1,0,false,0.1111111111111111,0.07111111111111111,0.55296
B,纯颜色型,web_auto,2.777352,13,,,,5,2,2 bit (4色),密集N=4,4,0.3333333333333333,,1,2,0.558,0.375,1,0,false,0.0625,0.075,0.5832
B,纯颜色型,web_auto,2.777352,13,,,,5,2,2 bit (4色),密集N=4,4,0.5,,1,2,0.5783333333333334,0.3883333333333333,1,0,false,0.0625,0.075,0.5832
B,纯颜色型,web_auto,2.777352,13,,,,5,2,2 bit (4色),密集N=4,4,0.6666666666666666,,1,2,0.5986666666666667,0.4015,1,0,false,0.0625,0.075,0.5832
B,纯颜色型,web_auto,2.777352,13,,,,5,2,2 bit (4色),密集N=4,4,1,,1,2,0.6346666666666667,0.42433333333333334,1,0,false,0.0625,0.075,0.5832
B,纯颜色型,web_auto,2.777352,13,,,,5,3,3 bit (8色),无,0,0.3333333333333333,,1,3,0.77,0.42833333333333334,1,0,false,0,0.12,0.9331199999999998
B,纯颜色型,web_auto,2.777352,13,,,,5,3,3 bit (8色),无,0,0.5,,1,3,0.7743333333333333,0.43033333333333335,1,0,false,0,0.12,0.9331199999999998
B,纯颜色型,web_auto,2.777352,13,,,,5,3,3 bit (8色),无,0,0.6666666666666666,,1,3,0.778,0.4325555555555556,1,0,false,0,0.12,0.9331199999999998
B,纯颜色型,web_auto,2.777352,13,,,,5,3,3 bit (8色),无,0,1,,1,3,0.789,0.43966666666666665,1,0,false,0,0.12,0.9331199999999998
B,纯颜色型,web_auto,2.777352,13,,,,5,3,3 bit (8色),四角,0,0.3333333333333333,,1,3,0.5353333333333333,0.30566666666666664,1,0,false,0,0.12,0.9331199999999998
B,纯颜色型,web_auto,2.777352,13,,,,5,3,3 bit (8色),四角,0,0.5,,1,3,0.539,0.30877777777777776,1,0,false,0,0.12,0.9331199999999998
B,纯颜色型,web_auto,2.777352,13,,,,5,3,3 bit (8色),四角,0,0.6666666666666666,,1,3,0.5553333333333333,0.3191111111111111,1,0,false,0,0.12,0.9331199999999998
B,纯颜色型,web_auto,2.777352,13,,,,5,3,3 bit (8色),四角,0,1,,1,3,0.5953333333333334,0.3408888888888889,1,0,false,0,0.12,0.9331199999999998
B,纯颜色型,web_auto,2.777352,13,,,,5,3,3 bit (8色),密集N=3,3,0.3333333333333333,,1,3,0.5273333333333333,0.303,1,0,false,0.1111111111111111,0.10666666666666666,0.8294399999999998
B,纯颜色型,web_auto,2.777352,13,,,,5,3,3 bit (8色),密集N=3,3,0.5,,1,3,0.533,0.30822222222222223,1,0,false,0.1111111111111111,0.10666666666666666,0.8294399999999998
B,纯颜色型,web_auto,2.777352,13,,,,5,3,3 bit (8色),密集N=3,3,0.6666666666666666,,1,3,0.5506666666666666,0.31777777777777777,1,0,false,0.1111111111111111,0.10666666666666666,0.8294399999999998
B,纯颜色型,web_auto,2.777352,13,,,,5,3,3 bit (8色),密集N=3,3,1,,1,3,0.588,0.3388888888888889,1,0,false,0.1111111111111111,0.10666666666666666,0.8294399999999998
B,纯颜色型,web_auto,2.777352,13,,,,5,3,3 bit (8色),密集N=4,4,0.3333333333333333,,1,3,0.5276666666666666,0.3032222222222222,1,0,false,0.0625,0.1125,0.8748
B,纯颜色型,web_auto,2.777352,13,,,,5,3,3 bit (8色),密集N=4,4,0.5,,1,3,0.533,0.30833333333333335,1,0,false,0.0625,0.1125,0.8748
B,纯颜色型,web_auto,2.777352,13,,,,5,3,3 bit (8色),密集N=4,4,0.6666666666666666,,1,3,0.5503333333333333,0.3174444444444444,1,0,false,0.0625,0.1125,0.8748
B,纯颜色型,web_auto,2.777352,13,,,,5,3,3 bit (8色),密集N=4,4,1,,1,3,0.5876666666666667,0.3388888888888889,1,0,false,0.0625,0.1125,0.8748
B,纯颜色型,web_auto,2.777352,13,,,,5,4,4 bit (16色),无,0,0.3333333333333333,,1,4,0.8753333333333333,0.435,1,0,false,0,0.16,1.24416
B,纯颜色型,web_auto,2.777352,13,,,,5,4,4 bit (16色),无,0,0.5,,1,4,0.8753333333333333,0.4339166666666667,1,0,false,0,0.16,1.24416
B,纯颜色型,web_auto,2.777352,13,,,,5,4,4 bit (16色),无,0,0.6666666666666666,,1,4,0.8773333333333333,0.43516666666666665,1,0,false,0,0.16,1.24416
B,纯颜色型,web_auto,2.777352,13,,,,5,4,4 bit (16色),无,0,1,,1,4,0.8836666666666667,0.44466666666666665,1,0,false,0,0.16,1.24416
B,纯颜色型,web_auto,2.777352,13,,,,5,4,4 bit (16色),四角,0,0.3333333333333333,,1,4,0.74,0.38675,1,0,false,0,0.16,1.24416
B,纯颜色型,web_auto,2.777352,13,,,,5,4,4 bit (16色),四角,0,0.5,,1,4,0.7516666666666667,0.39625,1,0,false,0,0.16,1.24416
B,纯颜色型,web_auto,2.777352,13,,,,5,4,4 bit (16色),四角,0,0.6666666666666666,,1,4,0.76,0.4023333333333333,1,0,false,0,0.16,1.24416
B,纯颜色型,web_auto,2.777352,13,,,,5,4,4 bit (16色),四角,0,1,,1,4,0.7863333333333333,0.419,1,0,false,0,0.16,1.24416
B,纯颜色型,web_auto,2.777352,13,,,,5,4,4 bit (16色),密集N=3,3,0.3333333333333333,,1,4,0.744,0.3903333333333333,1,0,false,0.1111111111111111,0.14222222222222222,1.10592
B,纯颜色型,web_auto,2.777352,13,,,,5,4,4 bit (16色),密集N=3,3,0.5,,1,4,0.7523333333333333,0.398,1,0,false,0.1111111111111111,0.14222222222222222,1.10592
B,纯颜色型,web_auto,2.777352,13,,,,5,4,4 bit (16色),密集N=3,3,0.6666666666666666,,1,4,0.7616666666666667,0.4065,1,0,false,0.1111111111111111,0.14222222222222222,1.10592
B,纯颜色型,web_auto,2.777352,13,,,,5,4,4 bit (16色),密集N=3,3,1,,1,4,0.7873333333333333,0.42183333333333334,1,0,false,0.1111111111111111,0.14222222222222222,1.10592
B,纯颜色型,web_auto,2.777352,13,,,,5,4,4 bit (16色),密集N=4,4,0.3333333333333333,,1,4,0.7443333333333333,0.3905,1,0,false,0.0625,0.15,1.1664
B,纯颜色型,web_auto,2.777352,13,,,,5,4,4 bit (16色),密集N=4,4,0.5,,1,4,0.7523333333333333,0.39791666666666664,1,0,false,0.0625,0.15,1.1664
B,纯颜色型,web_auto,2.777352,13,,,,5,4,4 bit (16色),密集N=4,4,0.6666666666666666,,1,4,0.7616666666666667,0.4065,1,0,false,0.0625,0.15,1.1664
B,纯颜色型,web_auto,2.777352,13,,,,5,4,4 bit (16色),密集N=4,4,1,,1,4,0.7873333333333333,0.42191666666666666,1,0,false,0.0625,0.15,1.1664
B,纯颜色型,web_auto,2.777352,13,,,,5,5,5 bit (32色),无,0,0.3333333333333333,,1,5,0.9443333333333334,0.4608,1,0,false,0,0.2,1.5552
B,纯颜色型,web_auto,2.777352,13,,,,5,5,5 bit (32色),无,0,0.5,,1,5,0.943,0.4590666666666667,1,0,false,0,0.2,1.5552
B,纯颜色型,web_auto,2.777352,13,,,,5,5,5 bit (32色),无,0,0.6666666666666666,,1,5,0.944,0.4618,1,0,false,0,0.2,1.5552
B,纯颜色型,web_auto,2.777352,13,,,,5,5,5 bit (32色),无,0,1,,1,5,0.948,0.4659333333333333,1,0,false,0,0.2,1.5552
B,纯颜色型,web_auto,2.777352,13,,,,5,5,5 bit (32色),四角,0,0.3333333333333333,,1,5,0.8666666666666667,0.3986,1,0,false,0,0.2,1.5552
B,纯颜色型,web_auto,2.777352,13,,,,5,5,5 bit (32色),四角,0,0.5,,1,5,0.867,0.4026,1,0,false,0,0.2,1.5552
B,纯颜色型,web_auto,2.777352,13,,,,5,5,5 bit (32色),四角,0,0.6666666666666666,,1,5,0.869,0.40653333333333336,1,0,false,0,0.2,1.5552
B,纯颜色型,web_auto,2.777352,13,,,,5,5,5 bit (32色),四角,0,1,,1,5,0.8873333333333333,0.4202666666666667,1,0,false,0,0.2,1.5552
B,纯颜色型,web_auto,2.777352,13,,,,5,5,5 bit (32色),密集N=3,3,0.3333333333333333,,1,5,0.869,0.4039333333333333,1,0,false,0.1111111111111111,0.17777777777777778,1.3824000000000003
B,纯颜色型,web_auto,2.777352,13,,,,5,5,5 bit (32色),密集N=3,3,0.5,,1,5,0.87,0.40486666666666665,1,0,false,0.1111111111111111,0.17777777777777778,1.3824000000000003
B,纯颜色型,web_auto,2.777352,13,,,,5,5,5 bit (32色),密集N=3,3,0.6666666666666666,,1,5,0.8713333333333333,0.40653333333333336,1,0,false,0.1111111111111111,0.17777777777777778,1.3824000000000003
B,纯颜色型,web_auto,2.777352,13,,,,5,5,5 bit (32色),密集N=3,3,1,,1,5,0.8843333333333333,0.41946666666666665,1,0,false,0.1111111111111111,0.17777777777777778,1.3824000000000003
B,纯颜色型,web_auto,2.777352,13,,,,5,5,5 bit (32色),密集N=4,4,0.3333333333333333,,1,5,0.869,0.4039333333333333,1,0,false,0.0625,0.1875,1.458
B,纯颜色型,web_auto,2.777352,13,,,,5,5,5 bit (32色),密集N=4,4,0.5,,1,5,0.87,0.4046666666666667,1,0,false,0.0625,0.1875,1.458
B,纯颜色型,web_auto,2.777352,13,,,,5,5,5 bit (32色),密集N=4,4,0.6666666666666666,,1,5,0.8706666666666667,0.40653333333333336,1,0,false,0.0625,0.1875,1.458
B,纯颜色型,web_auto,2.777352,13,,,,5,5,5 bit (32色),密集N=4,4,1,,1,5,0.8843333333333333,0.4196,1,0,false,0.0625,0.1875,1.458
B,纯颜色型,web_auto,2.777352,13,,,,8,1,1 bit (2色),无,0,0.3333333333333333,,1,1,0.49933333333333335,0.49933333333333335,1,0,false,0,0.015625,0.1215
B,纯颜色型,web_auto,2.777352,13,,,,8,1,1 bit (2色),无,0,0.5,,1,1,0.49933333333333335,0.49933333333333335,1,0,false,0,0.015625,0.1215
B,纯颜色型,web_auto,2.777352,13,,,,8,1,1 bit (2色),无,0,0.6666666666666666,,1,1,0.51,0.51,1,0,false,0,0.015625,0.1215
B,纯颜色型,web_auto,2.777352,13,,,,8,1,1 bit (2色),无,0,1,,1,1,0.51,0.51,1,0,false,0,0.015625,0.1215
B,纯颜色型,web_auto,2.777352,13,,,,8,1,1 bit (2色),四角,0,0.3333333333333333,,1,1,0.08633333333333333,0.08633333333333333,1,0,false,0,0.015625,0.1215
B,纯颜色型,web_auto,2.777352,13,,,,8,1,1 bit (2色),四角,0,0.5,,1,1,0.11633333333333333,0.11633333333333333,1,0,false,0,0.015625,0.1215
B,纯颜色型,web_auto,2.777352,13,,,,8,1,1 bit (2色),四角,0,0.6666666666666666,,1,1,0.14866666666666667,0.14866666666666667,1,0,false,0,0.015625,0.1215
B,纯颜色型,web_auto,2.777352,13,,,,8,1,1 bit (2色),四角,0,1,,1,1,0.25466666666666665,0.25466666666666665,1,0,false,0,0.015625,0.1215
B,纯颜色型,web_auto,2.777352,13,,,,8,1,1 bit (2色),密集N=3,3,0.3333333333333333,,1,1,0.06133333333333333,0.06133333333333333,1,0,false,0.1111111111111111,0.013888888888888888,0.10799999999999998
B,纯颜色型,web_auto,2.777352,13,,,,8,1,1 bit (2色),密集N=3,3,0.5,,1,1,0.11466666666666667,0.11466666666666667,1,0,false,0.1111111111111111,0.013888888888888888,0.10799999999999998
B,纯颜色型,web_auto,2.777352,13,,,,8,1,1 bit (2色),密集N=3,3,0.6666666666666666,,1,1,0.15,0.15,1,0,false,0.1111111111111111,0.013888888888888888,0.10799999999999998
B,纯颜色型,web_auto,2.777352,13,,,,8,1,1 bit (2色),密集N=3,3,1,,1,1,0.259,0.259,1,0,false,0.1111111111111111,0.013888888888888888,0.10799999999999998
B,纯颜色型,web_auto,2.777352,13,,,,8,1,1 bit (2色),密集N=4,4,0.3333333333333333,,1,1,0.061,0.061,1,0,false,0.06296296296296296,0.014641203703703703,0.11385
B,纯颜色型,web_auto,2.777352,13,,,,8,1,1 bit (2色),密集N=4,4,0.5,,1,1,0.115,0.115,1,0,false,0.06296296296296296,0.014641203703703703,0.11385
B,纯颜色型,web_auto,2.777352,13,,,,8,1,1 bit (2色),密集N=4,4,0.6666666666666666,,1,1,0.15,0.15,1,0,false,0.06296296296296296,0.014641203703703703,0.11385
B,纯颜色型,web_auto,2.777352,13,,,,8,1,1 bit (2色),密集N=4,4,1,,1,1,0.25933333333333336,0.25933333333333336,1,0,false,0.06296296296296296,0.014641203703703703,0.11385
B,纯颜色型,web_auto,2.777352,13,,,,8,2,2 bit (4色),无,0,0.3333333333333333,,1,2,0.293,0.2245,1,0,false,0,0.03125,0.243
B,纯颜色型,web_auto,2.777352,13,,,,8,2,2 bit (4色),无,0,0.5,,1,2,0.3016666666666667,0.23016666666666666,1,0,false,0,0.03125,0.243
B,纯颜色型,web_auto,2.777352,13,,,,8,2,2 bit (4色),无,0,0.6666666666666666,,1,2,0.305,0.23683333333333334,1,0,false,0,0.03125,0.243
B,纯颜色型,web_auto,2.777352,13,,,,8,2,2 bit (4色),无,0,1,,1,2,0.32966666666666666,0.25383333333333336,1,0,false,0,0.03125,0.243
B,纯颜色型,web_auto,2.777352,13,,,,8,2,2 bit (4色),四角,0,0.3333333333333333,,1,2,0.068,0.04533333333333334,0.9999999999900715,0,false,0,0.03125,0.243
B,纯颜色型,web_auto,2.777352,13,,,,8,2,2 bit (4色),四角,0,0.5,,1,2,0.111,0.0755,1,0,false,0,0.03125,0.243
B,纯颜色型,web_auto,2.777352,13,,,,8,2,2 bit (4色),四角,0,0.6666666666666666,,1,2,0.17966666666666667,0.1205,1,0,false,0,0.03125,0.243
B,纯颜色型,web_auto,2.777352,13,,,,8,2,2 bit (4色),四角,0,1,,1,2,0.37766666666666665,0.25533333333333336,1,0,false,0,0.03125,0.243
B,纯颜色型,web_auto,2.777352,13,,,,8,2,2 bit (4色),密集N=3,3,0.3333333333333333,,1,2,0.035,0.024,0.9993244994109325,0,false,0.1111111111111111,0.027777777777777776,0.21599999999999997
B,纯颜色型,web_auto,2.777352,13,,,,8,2,2 bit (4色),密集N=3,3,0.5,,1,2,0.07266666666666667,0.051,0.9999999999994695,0,false,0.1111111111111111,0.027777777777777776,0.21599999999999997
B,纯颜色型,web_auto,2.777352,13,,,,8,2,2 bit (4色),密集N=3,3,0.6666666666666666,,1,2,0.152,0.1,1,0,false,0.1111111111111111,0.027777777777777776,0.21599999999999997
B,纯颜色型,web_auto,2.777352,13,,,,8,2,2 bit (4色),密集N=3,3,1,,1,2,0.36333333333333334,0.24583333333333332,1,0,false,0.1111111111111111,0.027777777777777776,0.21599999999999997
B,纯颜色型,web_auto,2.777352,13,,,,8,2,2 bit (4色),密集N=4,4,0.3333333333333333,,1,2,0.035,0.024,0.9993244994109325,0,false,0.06296296296296296,0.029282407407407406,0.2277
B,纯颜色型,web_auto,2.777352,13,,,,8,2,2 bit (4色),密集N=4,4,0.5,,1,2,0.07266666666666667,0.051,0.9999999999994695,0,false,0.06296296296296296,0.029282407407407406,0.2277
B,纯颜色型,web_auto,2.777352,13,,,,8,2,2 bit (4色),密集N=4,4,0.6666666666666666,,1,2,0.15133333333333332,0.0995,1,0,false,0.06296296296296296,0.029282407407407406,0.2277
B,纯颜色型,web_auto,2.777352,13,,,,8,2,2 bit (4色),密集N=4,4,1,,1,2,0.36433333333333334,0.2465,1,0,false,0.06296296296296296,0.029282407407407406,0.2277
B,纯颜色型,web_auto,2.777352,13,,,,8,3,3 bit (8色),无,0,0.3333333333333333,,1,3,0.6676666666666666,0.36188888888888887,1,0,false,0,0.046875,0.3645
B,纯颜色型,web_auto,2.777352,13,,,,8,3,3 bit (8色),无,0,0.5,,1,3,0.6786666666666666,0.36922222222222223,1,0,false,0,0.046875,0.3645
B,纯颜色型,web_auto,2.777352,13,,,,8,3,3 bit (8色),无,0,0.6666666666666666,,1,3,0.6996666666666667,0.3848888888888889,1,0,false,0,0.046875,0.3645
B,纯颜色型,web_auto,2.777352,13,,,,8,3,3 bit (8色),无,0,1,,1,3,0.7366666666666667,0.4097777777777778,1,0,false,0,0.046875,0.3645
B,纯颜色型,web_auto,2.777352,13,,,,8,3,3 bit (8色),四角,0,0.3333333333333333,,1,3,0.165,0.10244444444444445,1,0,false,0,0.046875,0.3645
B,纯颜色型,web_auto,2.777352,13,,,,8,3,3 bit (8色),四角,0,0.5,,1,3,0.19533333333333333,0.12222222222222222,1,0,false,0,0.046875,0.3645
B,纯颜色型,web_auto,2.777352,13,,,,8,3,3 bit (8色),四角,0,0.6666666666666666,,1,3,0.2633333333333333,0.15966666666666668,1,0,false,0,0.046875,0.3645
B,纯颜色型,web_auto,2.777352,13,,,,8,3,3 bit (8色),四角,0,1,,1,3,0.386,0.22355555555555556,1,0,false,0,0.046875,0.3645
B,纯颜色型,web_auto,2.777352,13,,,,8,3,3 bit (8色),密集N=3,3,0.3333333333333333,,1,3,0.159,0.10055555555555555,1,0,false,0.1111111111111111,0.041666666666666664,0.324
B,纯颜色型,web_auto,2.777352,13,,,,8,3,3 bit (8色),密集N=3,3,0.5,,1,3,0.18666666666666668,0.11922222222222222,1,0,false,0.1111111111111111,0.041666666666666664,0.324
B,纯颜色型,web_auto,2.777352,13,,,,8,3,3 bit (8色),密集N=3,3,0.6666666666666666,,1,3,0.25,0.15333333333333332,1,0,false,0.1111111111111111,0.041666666666666664,0.324
B,纯颜色型,web_auto,2.777352,13,,,,8,3,3 bit (8色),密集N=3,3,1,,1,3,0.377,0.21933333333333332,1,0,false,0.1111111111111111,0.041666666666666664,0.324
B,纯颜色型,web_auto,2.777352,13,,,,8,3,3 bit (8色),密集N=4,4,0.3333333333333333,,1,3,0.15866666666666668,0.10044444444444445,1,0,false,0.06296296296296296,0.04392361111111111,0.34155
B,纯颜色型,web_auto,2.777352,13,,,,8,3,3 bit (8色),密集N=4,4,0.5,,1,3,0.18666666666666668,0.11922222222222222,1,0,false,0.06296296296296296,0.04392361111111111,0.34155
B,纯颜色型,web_auto,2.777352,13,,,,8,3,3 bit (8色),密集N=4,4,0.6666666666666666,,1,3,0.25,0.15333333333333332,1,0,false,0.06296296296296296,0.04392361111111111,0.34155
B,纯颜色型,web_auto,2.777352,13,,,,8,3,3 bit (8色),密集N=4,4,1,,1,3,0.37666666666666665,0.21922222222222223,1,0,false,0.06296296296296296,0.04392361111111111,0.34155
B,纯颜色型,web_auto,2.777352,13,,,,8,4,4 bit (16色),无,0,0.3333333333333333,,1,4,0.853,0.3859166666666667,1,0,false,0,0.0625,0.486
B,纯颜色型,web_auto,2.777352,13,,,,8,4,4 bit (16色),无,0,0.5,,1,4,0.8563333333333333,0.38875,1,0,false,0,0.0625,0.486
B,纯颜色型,web_auto,2.777352,13,,,,8,4,4 bit (16色),无,0,0.6666666666666666,,1,4,0.8493333333333334,0.38666666666666666,1,0,false,0,0.0625,0.486
B,纯颜色型,web_auto,2.777352,13,,,,8,4,4 bit (16色),无,0,1,,1,4,0.8553333333333333,0.39516666666666667,1,0,false,0,0.0625,0.486
B,纯颜色型,web_auto,2.777352,13,,,,8,4,4 bit (16色),四角,0,0.3333333333333333,,1,4,0.4053333333333333,0.216,1,0,false,0,0.0625,0.486
B,纯颜色型,web_auto,2.777352,13,,,,8,4,4 bit (16色),四角,0,0.5,,1,4,0.44133333333333336,0.2345,1,0,false,0,0.0625,0.486
B,纯颜色型,web_auto,2.777352,13,,,,8,4,4 bit (16色),四角,0,0.6666666666666666,,1,4,0.489,0.2545,1,0,false,0,0.0625,0.486
B,纯颜色型,web_auto,2.777352,13,,,,8,4,4 bit (16色),四角,0,1,,1,4,0.6136666666666667,0.3219166666666667,1,0,false,0,0.0625,0.486
B,纯颜色型,web_auto,2.777352,13,,,,8,4,4 bit (16色),密集N=3,3,0.3333333333333333,,1,4,0.393,0.21441666666666667,1,0,false,0.1111111111111111,0.05555555555555555,0.43199999999999994
B,纯颜色型,web_auto,2.777352,13,,,,8,4,4 bit (16色),密集N=3,3,0.5,,1,4,0.43,0.23583333333333334,1,0,false,0.1111111111111111,0.05555555555555555,0.43199999999999994
B,纯颜色型,web_auto,2.777352,13,,,,8,4,4 bit (16色),密集N=3,3,0.6666666666666666,,1,4,0.484,0.2608333333333333,1,0,false,0.1111111111111111,0.05555555555555555,0.43199999999999994
B,纯颜色型,web_auto,2.777352,13,,,,8,4,4 bit (16色),密集N=3,3,1,,1,4,0.616,0.3265,1,0,false,0.1111111111111111,0.05555555555555555,0.43199999999999994
B,纯颜色型,web_auto,2.777352,13,,,,8,4,4 bit (16色),密集N=4,4,0.3333333333333333,,1,4,0.3933333333333333,0.21483333333333332,1,0,false,0.06296296296296296,0.05856481481481481,0.4554
B,纯颜色型,web_auto,2.777352,13,,,,8,4,4 bit (16色),密集N=4,4,0.5,,1,4,0.43033333333333335,0.23616666666666666,1,0,false,0.06296296296296296,0.05856481481481481,0.4554
B,纯颜色型,web_auto,2.777352,13,,,,8,4,4 bit (16色),密集N=4,4,0.6666666666666666,,1,4,0.4846666666666667,0.26125,1,0,false,0.06296296296296296,0.05856481481481481,0.4554
B,纯颜色型,web_auto,2.777352,13,,,,8,4,4 bit (16色),密集N=4,4,1,,1,4,0.6166666666666667,0.327,1,0,false,0.06296296296296296,0.05856481481481481,0.4554
B,纯颜色型,web_auto,2.777352,13,,,,8,5,5 bit (32色),无,0,0.3333333333333333,,1,5,0.9196666666666666,0.3963333333333333,1,0,false,0,0.078125,0.6075
B,纯颜色型,web_auto,2.777352,13,,,,8,5,5 bit (32色),无,0,0.5,,1,5,0.9206666666666666,0.40126666666666666,1,0,false,0,0.078125,0.6075
B,纯颜色型,web_auto,2.777352,13,,,,8,5,5 bit (32色),无,0,0.6666666666666666,,1,5,0.918,0.4009333333333333,1,0,false,0,0.078125,0.6075
B,纯颜色型,web_auto,2.777352,13,,,,8,5,5 bit (32色),无,0,1,,1,5,0.9266666666666666,0.42,1,0,false,0,0.078125,0.6075
B,纯颜色型,web_auto,2.777352,13,,,,8,5,5 bit (32色),四角,0,0.3333333333333333,,1,5,0.6656666666666666,0.28386666666666666,1,0,false,0,0.078125,0.6075
B,纯颜色型,web_auto,2.777352,13,,,,8,5,5 bit (32色),四角,0,0.5,,1,5,0.6853333333333333,0.2962,1,0,false,0,0.078125,0.6075
B,纯颜色型,web_auto,2.777352,13,,,,8,5,5 bit (32色),四角,0,0.6666666666666666,,1,5,0.726,0.31593333333333334,1,0,false,0,0.078125,0.6075
B,纯颜色型,web_auto,2.777352,13,,,,8,5,5 bit (32色),四角,0,1,,1,5,0.7943333333333333,0.3514,1,0,false,0,0.078125,0.6075
B,纯颜色型,web_auto,2.777352,13,,,,8,5,5 bit (32色),密集N=3,3,0.3333333333333333,,1,5,0.6513333333333333,0.2812,1,0,false,0.1111111111111111,0.06944444444444445,0.54
B,纯颜色型,web_auto,2.777352,13,,,,8,5,5 bit (32色),密集N=3,3,0.5,,1,5,0.6783333333333333,0.2894,1,0,false,0.1111111111111111,0.06944444444444445,0.54
B,纯颜色型,web_auto,2.777352,13,,,,8,5,5 bit (32色),密集N=3,3,0.6666666666666666,,1,5,0.7156666666666667,0.3096,1,0,false,0.1111111111111111,0.06944444444444445,0.54
B,纯颜色型,web_auto,2.777352,13,,,,8,5,5 bit (32色),密集N=3,3,1,,1,5,0.7883333333333333,0.3472,1,0,false,0.1111111111111111,0.06944444444444445,0.54
B,纯颜色型,web_auto,2.777352,13,,,,8,5,5 bit (32色),密集N=4,4,0.3333333333333333,,1,5,0.651,0.281,1,0,false,0.06296296296296296,0.07320601851851852,0.56925
B,纯颜色型,web_auto,2.777352,13,,,,8,5,5 bit (32色),密集N=4,4,0.5,,1,5,0.678,0.28926666666666667,1,0,false,0.06296296296296296,0.07320601851851852,0.56925
B,纯颜色型,web_auto,2.777352,13,,,,8,5,5 bit (32色),密集N=4,4,0.6666666666666666,,1,5,0.7146666666666667,0.30906666666666666,1,0,false,0.06296296296296296,0.07320601851851852,0.56925
B,纯颜色型,web_auto,2.777352,13,,,,8,5,5 bit (32色),密集N=4,4,1,,1,5,0.7876666666666666,0.3474,1,0,false,0.06296296296296296,0.07320601851851852,0.56925
B,纯颜色型,web_auto,2.777352,13,,,,13,1,1 bit (2色),无,0,0.3333333333333333,,1,1,0.49266666666666664,0.49266666666666664,1,0,false,0,0.005917159763313609,0.04601183431952662
B,纯颜色型,web_auto,2.777352,13,,,,13,1,1 bit (2色),无,0,0.5,,1,1,0.49266666666666664,0.49266666666666664,1,0,false,0,0.005917159763313609,0.04601183431952662
B,纯颜色型,web_auto,2.777352,13,,,,13,1,1 bit (2色),无,0,0.6666666666666666,,1,1,0.5063333333333333,0.5063333333333333,1,0,false,0,0.005917159763313609,0.04601183431952662
B,纯颜色型,web_auto,2.777352,13,,,,13,1,1 bit (2色),无,0,1,,1,1,0.49933333333333335,0.49933333333333335,1,0,false,0,0.005917159763313609,0.04601183431952662
B,纯颜色型,web_auto,2.777352,13,,,,13,1,1 bit (2色),四角,0,0.3333333333333333,,1,1,0,0,0,1,true,0,0.005917159763313609,0.04601183431952662
B,纯颜色型,web_auto,2.777352,13,,,,13,1,1 bit (2色),四角,0,0.5,,1,1,0,0,0,1,true,0,0.005917159763313609,0.04601183431952662
B,纯颜色型,web_auto,2.777352,13,,,,13,1,1 bit (2色),四角,0,0.6666666666666666,,1,1,0,0,0,1,true,0,0.005917159763313609,0.04601183431952662
B,纯颜色型,web_auto,2.777352,13,,,,13,1,1 bit (2色),四角,0,1,,1,1,0.098,0.098,1,0,false,0,0.005917159763313609,0.04601183431952662
B,纯颜色型,web_auto,2.777352,13,,,,13,1,1 bit (2色),密集N=3,3,0.3333333333333333,,1,1,0,0,0,1,true,0.11244979919678715,0.005251776336113686,0.04083781278962002
B,纯颜色型,web_auto,2.777352,13,,,,13,1,1 bit (2色),密集N=3,3,0.5,,1,1,0,0,0,1,true,0.11244979919678715,0.005251776336113686,0.04083781278962002
B,纯颜色型,web_auto,2.777352,13,,,,13,1,1 bit (2色),密集N=3,3,0.6666666666666666,,1,1,0,0,0,1,true,0.11244979919678715,0.005251776336113686,0.04083781278962002
B,纯颜色型,web_auto,2.777352,13,,,,13,1,1 bit (2色),密集N=3,3,1,,1,1,0.05466666666666667,0.05466666666666667,1,0,false,0.11244979919678715,0.005251776336113686,0.04083781278962002
B,纯颜色型,web_auto,2.777352,13,,,,13,1,1 bit (2色),密集N=4,4,0.3333333333333333,,1,1,0,0,0,1,true,0.06368330464716007,0.0055403354754605914,0.04308164865718155
B,纯颜色型,web_auto,2.777352,13,,,,13,1,1 bit (2色),密集N=4,4,0.5,,1,1,0,0,0,1,true,0.06368330464716007,0.0055403354754605914,0.04308164865718155
B,纯颜色型,web_auto,2.777352,13,,,,13,1,1 bit (2色),密集N=4,4,0.6666666666666666,,1,1,0,0,0,1,true,0.06368330464716007,0.0055403354754605914,0.04308164865718155
B,纯颜色型,web_auto,2.777352,13,,,,13,1,1 bit (2色),密集N=4,4,1,,1,1,0.05566666666666667,0.05566666666666667,1,0,false,0.06368330464716007,0.0055403354754605914,0.04308164865718155
B,纯颜色型,web_auto,2.777352,13,,,,13,2,2 bit (4色),无,0,0.3333333333333333,,1,2,0.25033333333333335,0.18883333333333333,1,0,false,0,0.011834319526627219,0.09202366863905324
B,纯颜色型,web_auto,2.777352,13,,,,13,2,2 bit (4色),无,0,0.5,,1,2,0.255,0.193,1,0,false,0,0.011834319526627219,0.09202366863905324
B,纯颜色型,web_auto,2.777352,13,,,,13,2,2 bit (4色),无,0,0.6666666666666666,,1,2,0.2693333333333333,0.20383333333333334,1,0,false,0,0.011834319526627219,0.09202366863905324
B,纯颜色型,web_auto,2.777352,13,,,,13,2,2 bit (4色),无,0,1,,1,2,0.295,0.22466666666666665,1,0,false,0,0.011834319526627219,0.09202366863905324
B,纯颜色型,web_auto,2.777352,13,,,,13,2,2 bit (4色),四角,0,0.3333333333333333,,1,2,0,0,0,1,true,0,0.011834319526627219,0.09202366863905324
B,纯颜色型,web_auto,2.777352,13,,,,13,2,2 bit (4色),四角,0,0.5,,1,2,0,0,0,1,true,0,0.011834319526627219,0.09202366863905324
B,纯颜色型,web_auto,2.777352,13,,,,13,2,2 bit (4色),四角,0,0.6666666666666666,,1,2,0,0,0,1,true,0,0.011834319526627219,0.09202366863905324
B,纯颜色型,web_auto,2.777352,13,,,,13,2,2 bit (4色),四角,0,1,,1,2,0.075,0.051166666666666666,0.9999999999998813,0,false,0,0.011834319526627219,0.09202366863905324
B,纯颜色型,web_auto,2.777352,13,,,,13,2,2 bit (4色),密集N=3,3,0.3333333333333333,,1,2,0,0,0,1,true,0.11244979919678715,0.010503552672227372,0.08167562557924005
B,纯颜色型,web_auto,2.777352,13,,,,13,2,2 bit (4色),密集N=3,3,0.5,,1,2,0,0,0,1,true,0.11244979919678715,0.010503552672227372,0.08167562557924005
B,纯颜色型,web_auto,2.777352,13,,,,13,2,2 bit (4色),密集N=3,3,0.6666666666666666,,1,2,0,0,0,1,true,0.11244979919678715,0.010503552672227372,0.08167562557924005
B,纯颜色型,web_auto,2.777352,13,,,,13,2,2 bit (4色),密集N=3,3,1,,1,2,0.034666666666666665,0.024,0.9992128800152577,0,false,0.11244979919678715,0.010503552672227372,0.08167562557924005
B,纯颜色型,web_auto,2.777352,13,,,,13,2,2 bit (4色),密集N=4,4,0.3333333333333333,,1,2,0,0,0,1,true,0.06368330464716007,0.011080670950921183,0.0861632973143631
B,纯颜色型,web_auto,2.777352,13,,,,13,2,2 bit (4色),密集N=4,4,0.5,,1,2,0,0,0,1,true,0.06368330464716007,0.011080670950921183,0.0861632973143631
B,纯颜色型,web_auto,2.777352,13,,,,13,2,2 bit (4色),密集N=4,4,0.6666666666666666,,1,2,0,0,0,1,true,0.06368330464716007,0.011080670950921183,0.0861632973143631
B,纯颜色型,web_auto,2.777352,13,,,,13,2,2 bit (4色),密集N=4,4,1,,1,2,0.033666666666666664,0.0235,0.998760732829817,0,false,0.06368330464716007,0.011080670950921183,0.0861632973143631
B,纯颜色型,web_auto,2.777352,13,,,,13,3,3 bit (8色),无,0,0.3333333333333333,,1,3,0.563,0.29533333333333334,1,0,false,0,0.01775147928994083,0.1380355029585799
B,纯颜色型,web_auto,2.777352,13,,,,13,3,3 bit (8色),无,0,0.5,,1,3,0.5703333333333334,0.3002222222222222,1,0,false,0,0.01775147928994083,0.1380355029585799
B,纯颜色型,web_auto,2.777352,13,,,,13,3,3 bit (8色),无,0,0.6666666666666666,,1,3,0.5916666666666667,0.30777777777777776,1,0,false,0,0.01775147928994083,0.1380355029585799
B,纯颜色型,web_auto,2.777352,13,,,,13,3,3 bit (8色),无,0,1,,1,3,0.6713333333333333,0.3641111111111111,1,0,false,0,0.01775147928994083,0.1380355029585799
B,纯颜色型,web_auto,2.777352,13,,,,13,3,3 bit (8色),四角,0,0.3333333333333333,,1,3,0,0,0,1,true,0,0.01775147928994083,0.1380355029585799
B,纯颜色型,web_auto,2.777352,13,,,,13,3,3 bit (8色),四角,0,0.5,,1,3,0,0,0,1,true,0,0.01775147928994083,0.1380355029585799
B,纯颜色型,web_auto,2.777352,13,,,,13,3,3 bit (8色),四角,0,0.6666666666666666,,1,3,0.006666666666666667,0.004333333333333333,6.062221613589713e-9,1,true,0,0.01775147928994083,0.1380355029585799
B,纯颜色型,web_auto,2.777352,13,,,,13,3,3 bit (8色),四角,0,1,,1,3,0.169,0.10822222222222222,1,0,false,0,0.01775147928994083,0.1380355029585799
B,纯颜色型,web_auto,2.777352,13,,,,13,3,3 bit (8色),密集N=3,3,0.3333333333333333,,1,3,0,0,0,1,true,0.11244979919678715,0.01575532900834106,0.12251343836886008
B,纯颜色型,web_auto,2.777352,13,,,,13,3,3 bit (8色),密集N=3,3,0.5,,1,3,0,0,0,1,true,0.11244979919678715,0.01575532900834106,0.12251343836886008
B,纯颜色型,web_auto,2.777352,13,,,,13,3,3 bit (8色),密集N=3,3,0.6666666666666666,,1,3,0.004333333333333333,0.003111111111111111,8.326672684688674e-16,1,true,0.11244979919678715,0.01575532900834106,0.12251343836886008
B,纯颜色型,web_auto,2.777352,13,,,,13,3,3 bit (8色),密集N=3,3,1,,1,3,0.158,0.10388888888888889,1,0,false,0.11244979919678715,0.01575532900834106,0.12251343836886008
B,纯颜色型,web_auto,2.777352,13,,,,13,3,3 bit (8色),密集N=4,4,0.3333333333333333,,1,3,0,0,0,1,true,0.06368330464716007,0.016621006426381774,0.12924494597154468
B,纯颜色型,web_auto,2.777352,13,,,,13,3,3 bit (8色),密集N=4,4,0.5,,1,3,0,0,0,1,true,0.06368330464716007,0.016621006426381774,0.12924494597154468
B,纯颜色型,web_auto,2.777352,13,,,,13,3,3 bit (8色),密集N=4,4,0.6666666666666666,,1,3,0.004333333333333333,0.003111111111111111,8.326672684688674e-16,1,true,0.06368330464716007,0.016621006426381774,0.12924494597154468
B,纯颜色型,web_auto,2.777352,13,,,,13,3,3 bit (8色),密集N=4,4,1,,1,3,0.158,0.10411111111111111,1,0,false,0.06368330464716007,0.016621006426381774,0.12924494597154468
B,纯颜色型,web_auto,2.777352,13,,,,13,4,4 bit (16色),无,0,0.3333333333333333,,1,4,0.839,0.37925,1,0,false,0,0.023668639053254437,0.1840473372781065
B,纯颜色型,web_auto,2.777352,13,,,,13,4,4 bit (16色),无,0,0.5,,1,4,0.8406666666666667,0.37866666666666665,1,0,false,0,0.023668639053254437,0.1840473372781065
B,纯颜色型,web_auto,2.777352,13,,,,13,4,4 bit (16色),无,0,0.6666666666666666,,1,4,0.8423333333333334,0.379,1,0,false,0,0.023668639053254437,0.1840473372781065
B,纯颜色型,web_auto,2.777352,13,,,,13,4,4 bit (16色),无,0,1,,1,4,0.8546666666666667,0.38658333333333333,1,0,false,0,0.023668639053254437,0.1840473372781065
B,纯颜色型,web_auto,2.777352,13,,,,13,4,4 bit (16色),四角,0,0.3333333333333333,,1,4,0.03266666666666666,0.01633333333333333,0.48857983598118265,0,false,0,0.023668639053254437,0.1840473372781065
B,纯颜色型,web_auto,2.777352,13,,,,13,4,4 bit (16色),四角,0,0.5,,1,4,0.09033333333333333,0.04883333333333333,0.9999973935495501,0,false,0,0.023668639053254437,0.1840473372781065
B,纯颜色型,web_auto,2.777352,13,,,,13,4,4 bit (16色),四角,0,0.6666666666666666,,1,4,0.17033333333333334,0.10008333333333333,1,0,false,0,0.023668639053254437,0.1840473372781065
B,纯颜色型,web_auto,2.777352,13,,,,13,4,4 bit (16色),四角,0,1,,1,4,0.3973333333333333,0.2135,1,0,false,0,0.023668639053254437,0.1840473372781065
B,纯颜色型,web_auto,2.777352,13,,,,13,4,4 bit (16色),密集N=3,3,0.3333333333333333,,1,4,0.016,0.005666666666666667,0.0013397456873929792,1,true,0.11244979919678715,0.021007105344454744,0.1633512511584801
B,纯颜色型,web_auto,2.777352,13,,,,13,4,4 bit (16色),密集N=3,3,0.5,,1,4,0.06966666666666667,0.03666666666666667,0.9994542630895875,0,false,0.11244979919678715,0.021007105344454744,0.1633512511584801
B,纯颜色型,web_auto,2.777352,13,,,,13,4,4 bit (16色),密集N=3,3,0.6666666666666666,,1,4,0.13733333333333334,0.0785,0.9999999999986566,0,false,0.11244979919678715,0.021007105344454744,0.1633512511584801
B,纯颜色型,web_auto,2.777352,13,,,,13,4,4 bit (16色),密集N=3,3,1,,1,4,0.38366666666666666,0.21366666666666667,1,0,false,0.11244979919678715,0.021007105344454744,0.1633512511584801
B,纯颜色型,web_auto,2.777352,13,,,,13,4,4 bit (16色),密集N=4,4,0.3333333333333333,,1,4,0.016,0.005666666666666667,0.0013397456873929792,1,true,0.06368330464716007,0.022161341901842366,0.1723265946287262
B,纯颜色型,web_auto,2.777352,13,,,,13,4,4 bit (16色),密集N=4,4,0.5,,1,4,0.07033333333333333,0.037,0.999535201195618,0,false,0.06368330464716007,0.022161341901842366,0.1723265946287262
B,纯颜色型,web_auto,2.777352,13,,,,13,4,4 bit (16色),密集N=4,4,0.6666666666666666,,1,4,0.13733333333333334,0.0785,0.9999999999986566,0,false,0.06368330464716007,0.022161341901842366,0.1723265946287262
B,纯颜色型,web_auto,2.777352,13,,,,13,4,4 bit (16色),密集N=4,4,1,,1,4,0.38366666666666666,0.21375,1,0,false,0.06368330464716007,0.022161341901842366,0.1723265946287262
B,纯颜色型,web_auto,2.777352,13,,,,13,5,5 bit (32色),无,0,0.3333333333333333,,1,5,0.912,0.3904666666666667,1,0,false,0,0.029585798816568046,0.23005917159763314
B,纯颜色型,web_auto,2.777352,13,,,,13,5,5 bit (32色),无,0,0.5,,1,5,0.9123333333333333,0.3856,1,0,false,0,0.029585798816568046,0.23005917159763314
B,纯颜色型,web_auto,2.777352,13,,,,13,5,5 bit (32色),无,0,0.6666666666666666,,1,5,0.9183333333333333,0.3796,1,0,false,0,0.029585798816568046,0.23005917159763314
B,纯颜色型,web_auto,2.777352,13,,,,13,5,5 bit (32色),无,0,1,,1,5,0.9226666666666666,0.39826666666666666,1,0,false,0,0.029585798816568046,0.23005917159763314
B,纯颜色型,web_auto,2.777352,13,,,,13,5,5 bit (32色),四角,0,0.3333333333333333,,1,5,0.217,0.08826666666666666,1,0,false,0,0.029585798816568046,0.23005917159763314
B,纯颜色型,web_auto,2.777352,13,,,,13,5,5 bit (32色),四角,0,0.5,,1,5,0.30533333333333335,0.12633333333333333,1,0,false,0,0.029585798816568046,0.23005917159763314
B,纯颜色型,web_auto,2.777352,13,,,,13,5,5 bit (32色),四角,0,0.6666666666666666,,1,5,0.44233333333333336,0.18713333333333335,1,0,false,0,0.029585798816568046,0.23005917159763314
B,纯颜色型,web_auto,2.777352,13,,,,13,5,5 bit (32色),四角,0,1,,1,5,0.664,0.2872,1,0,false,0,0.029585798816568046,0.23005917159763314
B,纯颜色型,web_auto,2.777352,13,,,,13,5,5 bit (32色),密集N=3,3,0.3333333333333333,,1,5,0.12466666666666666,0.05193333333333333,0.9999998743874605,0,false,0.11244979919678715,0.02625888168056843,0.20418906394810007
B,纯颜色型,web_auto,2.777352,13,,,,13,5,5 bit (32色),密集N=3,3,0.5,,1,5,0.21966666666666668,0.09433333333333334,1,0,false,0.11244979919678715,0.02625888168056843,0.20418906394810007
B,纯颜色型,web_auto,2.777352,13,,,,13,5,5 bit (32色),密集N=3,3,0.6666666666666666,,1,5,0.38666666666666666,0.16933333333333334,1,0,false,0.11244979919678715,0.02625888168056843,0.20418906394810007
B,纯颜色型,web_auto,2.777352,13,,,,13,5,5 bit (32色),密集N=3,3,1,,1,5,0.649,0.2793333333333333,1,0,false,0.11244979919678715,0.02625888168056843,0.20418906394810007
B,纯颜色型,web_auto,2.777352,13,,,,13,5,5 bit (32色),密集N=4,4,0.3333333333333333,,1,5,0.12566666666666668,0.05226666666666667,0.9999999011309519,0,false,0.06368330464716007,0.027701677377302957,0.21540824328590782
B,纯颜色型,web_auto,2.777352,13,,,,13,5,5 bit (32色),密集N=4,4,0.5,,1,5,0.21966666666666668,0.09493333333333333,1,0,false,0.06368330464716007,0.027701677377302957,0.21540824328590782
B,纯颜色型,web_auto,2.777352,13,,,,13,5,5 bit (32色),密集N=4,4,0.6666666666666666,,1,5,0.3863333333333333,0.16926666666666668,1,0,false,0.06368330464716007,0.027701677377302957,0.21540824328590782
B,纯颜色型,web_auto,2.777352,13,,,,13,5,5 bit (32色),密集N=4,4,1,,1,5,0.6496666666666666,0.2804,1,0,false,0.06368330464716007,0.027701677377302957,0.21540824328590782
C,纯颜色型,native,0.520316,3,,,,3,3,3 bit (8色),四角,0,0.5,1,1,3,0.005,0.0032222222222222222,3.6465275243813267e-13,1,true,0,0.3333333333333333,2.592
C,纯颜色型,native,0.520316,3,,,,3,3,3 bit (8色),四角,0,0.5,2,1,3,0.004333333333333333,0.002777777777777778,8.326672684688674e-16,1,true,0,0.3333333333333333,2.592
C,纯颜色型,native,0.520316,3,,,,3,3,3 bit (8色),四角,0,0.5,3,1,3,0.0033333333333333335,0.002111111111111111,0,1,true,0,0.3333333333333333,2.592
C,纯颜色型,native,0.520316,3,,,,3,3,3 bit (8色),四角,0,0.5,5,1,3,0.0036666666666666666,0.0023333333333333335,0,1,true,0,0.3333333333333333,2.592
C,纯颜色型,web_locked,1.031678,5,,,,5,4,4 bit (16色),四角,0,0.3333333333333333,1,1,4,0.020666666666666667,0.007333333333333333,0.027508697912817293,0.9857990971386703,false,0,0.16,1.24416
C,纯颜色型,web_locked,1.031678,5,,,,5,4,4 bit (16色),四角,0,0.3333333333333333,2,1,4,0.007,0.0026666666666666666,2.433386825373418e-12,1,true,0,0.16,1.24416
C,纯颜色型,web_locked,1.031678,5,,,,5,4,4 bit (16色),四角,0,0.3333333333333333,5,1,4,0.0003333333333333333,0.00016666666666666666,0,1,true,0,0.16,1.24416
C,纯颜色型,web_locked,1.031678,5,,,,5,4,4 bit (16色),四角,0,0.3333333333333333,5,1,4,0.0003333333333333333,0.00016666666666666666,0,1,true,0,0.16,1.24416
C,纯颜色型,web_auto,2.777352,13,,,,13,4,4 bit (16色),密集N=4,4,0.3333333333333333,1,1,4,0.07466666666666667,0.02775,0.9998396724177179,0,false,0.06368330464716007,0.022161341901842366,0.1723265946287262
C,纯颜色型,web_auto,2.777352,13,,,,13,4,4 bit (16色),密集N=4,4,0.3333333333333333,2,1,4,0.049666666666666665,0.014583333333333334,0.9587473094482473,0,false,0.06368330464716007,0.022161341901842366,0.1723265946287262
C,纯颜色型,web_auto,2.777352,13,,,,13,4,4 bit (16色),密集N=4,4,0.3333333333333333,13,1,4,0.004666666666666667,0.00225,0,1,true,0.06368330464716007,0.022161341901842366,0.1723265946287262
C,纯颜色型,web_auto,2.777352,13,,,,13,4,4 bit (16色),密集N=4,4,0.3333333333333333,5,1,4,0.025333333333333333,0.008083333333333333,0.14109437406443748,0,false,0.06368330464716007,0.022161341901842366,0.1723265946287262
D,纯颜色型,native,0.520316,3,,,,3,3,3 bit (8色),四角,0,0.5,,1,3,0.004333333333333333,0.0026666666666666666,8.326672684688674e-16,1,true,0,0.3333333333333333,2.592
D,纯颜色型,native,0.520316,3,,,,3,3,3 bit (8色),四角,0,0.5,,4,3,0,0,0,1,true,0,0.3333333333333333,2.592
D,纯颜色型,native,0.520316,3,,,,3,3,3 bit (8色),四角,0,0.5,,8,3,0,0,0,1,true,0,0.3333333333333333,2.592
D,纯颜色型,web_locked,1.031678,5,,,,5,4,4 bit (16色),四角,0,0.3333333333333333,,1,4,0.004333333333333333,0.0010833333333333333,0,1,true,0,0.16,1.24416
D,纯颜色型,web_locked,1.031678,5,,,,5,4,4 bit (16色),四角,0,0.3333333333333333,,4,4,0.004333333333333333,0.0010833333333333333,0,1,true,0,0.16,1.24416
D,纯颜色型,web_locked,1.031678,5,,,,5,4,4 bit (16色),四角,0,0.3333333333333333,,8,4,0.004333333333333333,0.0010833333333333333,0,1,true,0,0.16,1.24416
D,纯颜色型,web_auto,2.777352,13,,,,13,4,4 bit (16色),密集N=4,4,0.3333333333333333,,1,4,0.016,0.005666666666666667,0.0013397456873929792,1,true,0.06368330464716007,0.022161341901842366,0.1723265946287262
D,纯颜色型,web_auto,2.777352,13,,,,13,4,4 bit (16色),密集N=4,4,0.3333333333333333,,4,4,0.010666666666666666,0.002916666666666667,7.24153191078436e-7,1,true,0.06368330464716007,0.022161341901842366,0.1723265946287262
D,纯颜色型,web_auto,2.777352,13,,,,13,4,4 bit (16色),密集N=4,4,0.3333333333333333,,8,4,0.009333333333333334,0.0028333333333333335,2.458109182867929e-8,1,true,0.06368330464716007,0.022161341901842366,0.1723265946287262